Ticker,ticker_name
AAPL,APPLE INC
MSFT,MICROSOFT CORP
AMZN,AMAZON COM INC
FB,FACEBOOK CLASS A INC
GOOGL,ALPHABET INC CLASS A
GOOG,ALPHABET INC CLASS C
BRK.B,BERKSHIRE HATHAWAY INC CLASS B
JNJ,JOHNSON & JOHNSON
V,VISA INC CLASS A
PG,PROCTER & GAMBLE
JPM,JPMORGAN CHASE & CO
TSLA,TESLA INC
NVDA,NVIDIA CORP
HD,HOME DEPOT INC
MA,MASTERCARD INC CLASS A
UNH,UNITEDHEALTH GROUP INC
VZ,VERIZON COMMUNICATIONS INC
DIS,WALT DISNEY
ADBE,ADOBE INC
PYPL,PAYPAL HOLDINGS INC
CRM,SALESFORCE.COM INC
MRK,MERCK & CO INC
INTC,INTEL CORPORATION CORP
T,AT&T INC
PFE,PFIZER INC
CMCSA,COMCAST CORP CLASS A
NFLX,NETFLIX INC
BAC,BANK OF AMERICA CORP
KO,COCA-COLA
WMT,WALMART INC
PEP,PEPSICO INC
ABT,ABBOTT LABORATORIES
TMO,THERMO FISHER SCIENTIFIC INC
CSCO,CISCO SYSTEMS INC
MCD,MCDONALDS CORP
ABBV,ABBVIE INC
XOM,EXXON MOBIL CORP
ACN,ACCENTURE PLC CLASS A
COST,COSTCO WHOLESALE CORP
AMGN,AMGEN INC
CVX,CHEVRON CORP
NKE,NIKE INC CLASS B
MDT,MEDTRONIC PLC
AVGO,BROADCOM INC
NEE,NEXTERA ENERGY INC
BMY,BRISTOL MYERS SQUIBB
UNP,UNION PACIFIC CORP
LIN,LINDE PLC
DHR,DANAHER CORP
QCOM,QUALCOMM INC
PM,PHILIP MORRIS INTERNATIONAL INC
TXN,TEXAS INSTRUMENT INC
LLY,ELI LILLY
LOW,LOWES COMPANIES INC
HON,HONEYWELL INTERNATIONAL INC
ORCL,ORACLE CORP
UPS,UNITED PARCEL SERVICE INC CLASS B
AMT,AMERICAN TOWER REIT CORP
IBM,INTERNATIONAL BUSINESS MACHINES CO
SBUX,STARBUCKS CORP
C,CITIGROUP INC
LMT,LOCKHEED MARTIN CORP
MMM,3M
WFC,WELLS FARGO
CHTR,CHARTER COMMUNICATIONS INC CLASS A
AMD,ADVANCED MICRO DEVICES INC
FIS,FIDELITY NATIONAL INFORMATION SERV
BA,BOEING
RTX,RAYTHEON TECHNOLOGIES CORP
NOW,SERVICENOW INC
SPGI,S&P GLOBAL INC
GILD,GILEAD SCIENCES INC
CAT,CATERPILLAR INC
ISRG,INTUITIVE SURGICAL INC
MDLZ,MONDELEZ INTERNATIONAL INC CLASS A
BLK,BLACKROCK INC
INTU,INTUIT INC
MO,ALTRIA GROUP INC
ZTS,ZOETIS INC CLASS A
CVS,CVS HEALTH CORP
PLD,PROLOGIS REIT INC
TGT,TARGET CORP
BKNG,BOOKING HOLDINGS INC
SYK,STRYKER CORP
AXP,AMERICAN EXPRESS
VRTX,VERTEX PHARMACEUTICALS INC
D,DOMINION ENERGY INC
ZM,ZOOM VIDEO COMMUNICATIONS INC CLAS
APD,AIR PRODUCTS AND CHEMICALS INC
ANTM,ANTHEM INC
GS,GOLDMAN SACHS GROUP INC
CCI,CROWN CASTLE INTERNATIONAL REIT CO
TJX,TJX INC
EQIX,EQUINIX REIT INC
CL,COLGATE-PALMOLIVE
BDX,BECTON DICKINSON
ITW,ILLINOIS TOOL INC
CI,CIGNA CORP
DUK,DUKE ENERGY CORP
TMUS,T MOBILE US INC
DE,DEERE
ATVI,ACTIVISION BLIZZARD INC
CSX,CSX CORP
MMC,MARSH & MCLENNAN INC
SHW,SHERWIN WILLIAMS
CME,CME GROUP INC CLASS A
ADP,AUTOMATIC DATA PROCESSING INC
BSX,BOSTON SCIENTIFIC CORP
FDX,FEDEX CORP
PGR,PROGRESSIVE CORP
XTSLA,BLK CSH FND TREASURY SL AGENCY
MS,MORGAN STANLEY
NSC,NORFOLK SOUTHERN CORP
SO,SOUTHERN
MU,MICRON TECHNOLOGY INC
REGN,REGENERON PHARMACEUTICALS INC
CB,CHUBB LTD
ICE,INTERCONTINENTAL EXCHANGE INC
FISV,FISERV INC
NEM,NEWMONT
TFC,TRUIST FINANCIAL CORP
GE,GENERAL ELECTRIC
HUM,HUMANA INC
NOC,NORTHROP GRUMMAN CORP
SQ,SQUARE INC CLASS A
ILMN,ILLUMINA INC
UBER,UBER TECHNOLOGIES INC
AMAT,APPLIED MATERIAL INC
ECL,ECOLAB INC
USB,US BANCORP
EW,EDWARDS LIFESCIENCES CORP
DG,DOLLAR GENERAL CORP
GPN,GLOBAL PAYMENTS INC
KMB,KIMBERLY CLARK CORP
ADSK,AUTODESK INC
WM,WASTE MANAGEMENT INC
PNC,PNC FINANCIAL SERVICES GROUP INC
EL,ESTEE LAUDER INC CLASS A
MCO,MOODYS CORP
AON,AON PLC CLASS A
BIIB,BIOGEN INC
LRCX,LAM RESEARCH CORP
DD,DUPONT DE NEMOURS INC
ADI,ANALOG DEVICES INC
BAX,BAXTER INTERNATIONAL INC
SCHW,CHARLES SCHWAB CORP
ROP,ROPER TECHNOLOGIES INC
ETN,EATON PLC
EMR,EMERSON ELECTRIC
AEP,AMERICAN ELECTRIC POWER INC
LHX,L3HARRIS TECHNOLOGIES INC
GM,GENERAL MOTORS
DLR,DIGITAL REALTY TRUST REIT INC
CTSH,COGNIZANT TECHNOLOGY SOLUTIONS COR
GD,GENERAL DYNAMICS CORP
DOW,DOW INC
XEL,XCEL ENERGY INC
DXCM,DEXCOM INC
HCA,HCA HEALTHCARE INC
COP,CONOCOPHILLIPS
EA,ELECTRONIC ARTS INC
USD,USD CASH
DOCU,DOCUSIGN INC
VEEV,VEEVA SYSTEMS INC CLASS A
WDAY,WORKDAY INC CLASS A
GIS,GENERAL MILLS INC
LULU,LULULEMON ATHLETICA INC
EXC,EXELON CORP
CMG,CHIPOTLE MEXICAN GRILL INC
ORLY,OREILLY AUTOMOTIVE INC
SRE,SEMPRA ENERGY
EBAY,EBAY INC
SBAC,SBA COMMUNICATIONS REIT CORP CLASS
PSA,PUBLIC STORAGE REIT
COF,CAPITAL ONE FINANCIAL CORP
CNC,CENTENE CORP
ROST,ROSS STORES INC
JCI,JOHNSON CONTROLS INTERNATIONAL PLC
CSGP,COSTAR GROUP INC
STZ,CONSTELLATION BRANDS INC CLASS A
SPOT,SPOTIFY TECHNOLOGY SA
SYY,SYSCO CORP
CMI,CUMMINS INC
WEC,WEC ENERGY GROUP INC
INFO,IHS MARKIT LTD
PPG,PPG INDUSTRIES INC
SNPS,SYNOPSYS INC
APH,AMPHENOL CORP CLASS A
A,AGILENT TECHNOLOGIES INC
IDXX,IDEXX LABORATORIES INC
IQV,IQVIA HOLDINGS INC
MNST,MONSTER BEVERAGE CORP
TWLO,TWILIO INC CLASS A
MET,METLIFE INC
ALL,ALLSTATE CORP
TWTR,TWITTER INC
PCAR,PACCAR INC
VRSK,VERISK ANALYTICS INC
SPLK,SPLUNK INC
ZBH,ZIMMER BIOMET HOLDINGS INC
TRV,TRAVELERS COMPANIES INC
AZO,AUTOZONE INC
CTAS,CINTAS CORP
TROW,T ROWE PRICE GROUP INC
TT,TRANE TECHNOLOGIES PLC
BK,BANK OF NEW YORK MELLON CORP
MSCI,MSCI INC
CDNS,CADENCE DESIGN SYSTEMS INC
MAR,MARRIOTT INTERNATIONAL INC CLASS A
F,FORD MOTOR CO
YUM,YUM BRANDS INC
ES,EVERSOURCE ENERGY
CLX,CLOROX
HPQ,HP INC
KLAC,KLA CORP
PRU,PRUDENTIAL FINANCIAL INC
ANSS,ANSYS INC
PH,PARKER-HANNIFIN CORP
WLTW,WILLIS TOWERS WATSON PLC
PEG,PUBLIC SERVICE ENTERPRISE GROUP IN
ADM,ARCHER DANIELS MIDLAND
BLL,BALL CORP
MSI,MOTOROLA SOLUTIONS INC
TDG,TRANSDIGM GROUP INC
AFL,AFLAC INC
MRVL,MARVELL TECHNOLOGY GROUP LTD
AWK,AMERICAN WATER WORKS INC
ROK,ROCKWELL AUTOMATION INC
WBA,WALGREEN BOOTS ALLIANCE INC
PSX,PHILLIPS
HLT,HILTON WORLDWIDE HOLDINGS INC
WMB,WILLIAMS INC
KR,KROGER
KMI,KINDER MORGAN INC
FAST,FASTENAL
AIG,AMERICAN INTERNATIONAL GROUP INC
CARR,CARRIER GLOBAL CORP
SLB,SCHLUMBERGER NV
ALGN,ALIGN TECHNOLOGY INC
WELL,WELLTOWER INC
PAYX,PAYCHEX INC
RMD,RESMED INC
ED,CONSOLIDATED EDISON INC
GLW,CORNING INC
MKC,MCCORMICK & CO NON-VOTING INC
SWK,STANLEY BLACK & DECKER INC
XLNX,XILINX INC
OTIS,OTIS WORLDWIDE CORP
BBY,BEST BUY INC
MCK,MCKESSON CORP
FCX,FREEPORT MCMORAN INC
MCHP,MICROCHIP TECHNOLOGY INC
DHI,D R HORTON INC
PANW,PALO ALTO NETWORKS INC
VFC,VF CORP
MTCH,MATCH GROUP INC
LUV,SOUTHWEST AIRLINES
ALXN,ALEXION PHARMACEUTICALS INC
AME,AMETEK INC
DTE,DTE ENERGY
FTV,FORTIVE CORP
MTD,METTLER TOLEDO INC
APTV,APTIV PLC
SWKS,SKYWORKS SOLUTIONS INC
EOG,EOG RESOURCES INC
CHD,CHURCH AND DWIGHT INC
STT,STATE STREET CORP
O,REALTY INCOME REIT CORP
OKTA,OKTA INC CLASS A
CTVA,CORTEVA INC
CERN,CERNER CORP
WY,WEYERHAEUSER REIT
AVB,AVALONBAY COMMUNITIES REIT INC
PPL,PPL CORP
HSY,HERSHEY FOODS
LEN,LENNAR A CORP
EQR,EQUITY RESIDENTIAL REIT
YUMC,YUM CHINA HOLDINGS INC
DLTR,DOLLAR TREE INC
TEAM,ATLASSIAN PLC CLASS A
CPRT,COPART INC
DAL,DELTA AIR LINES INC
SGEN,SEATTLE GENETICS INC
MPC,MARATHON PETROLEUM CORP
VRSN,VERISIGN INC
KHC,KRAFT HEINZ
SPG,SIMON PROPERTY GROUP REIT INC
ARE,ALEXANDRIA REAL ESTATE EQUITIES RE
WST,WEST PHARMACEUTICAL SERVICES INC
RSG,REPUBLIC SERVICES INC
RNG,RINGCENTRAL INC CLASS A
EFX,EQUIFAX INC
LYB,LYONDELLBASELL INDUSTRIES NV CLASS
ETR,ENTERGY CORP
AJG,ARTHUR J GALLAGHER
FLT,FLEETCOR TECHNOLOGIES INC
VLO,VALERO ENERGY CORP
AMP,AMERIPRISE FINANCE INC
ODFL,OLD DOMINION FREIGHT LINE INC
AEE,AMEREN CORP
TSN,TYSON FOODS INC CLASS A
KKR,KKR AND CO INC
FRC,FIRST REPUBLIC BANK
EIX,EDISON INTERNATIONAL
LVS,LAS VEGAS SANDS CORP
MXIM,MAXIM INTEGRATED PRODUCTS INC
AMCR,AMCOR PLC
LH,LABORATORY CORPORATION OF AMERICA
TTWO,TAKE TWO INTERACTIVE SOFTWARE INC
DFS,DISCOVER FINANCIAL SERVICES
KSU,KANSAS CITY SOUTHERN
CMS,CMS ENERGY CORP
KEYS,KEYSIGHT TECHNOLOGIES INC
W,WAYFAIR INC CLASS A
TTD,TRADE DESK INC CLASS A
TFX,TELEFLEX INC
AKAM,AKAMAI TECHNOLOGIES INC
KMX,CARMAX INC
EPAM,EPAM SYSTEMS INC
IMMU,IMMUNOMEDICS INC
VMC,VULCAN MATERIALS
MRNA,MODERNA INC
MKTX,MARKETAXESS HOLDINGS INC
VTR,VENTAS REIT INC
INCY,INCYTE CORP
CAG,CONAGRA BRANDS INC
CTXS,CITRIX SYSTEMS INC
DOV,DOVER CORP
CBRE,CBRE GROUP INC CLASS A
COUP,COUPA SOFTWARE INC
TRU,TRANSUNION
COO,COOPER INC
K,KELLOGG
FE,FIRSTENERGY CORP
IP,INTERNATIONAL PAPER
VAR,VARIAN MEDICAL SYSTEMS INC
VIAC,VIACOMCBS INC CLASS B
CDW,CDW CORP
ROKU,ROKU INC CLASS A
INVH,INVITATION HOMES INC
TSCO,TRACTOR SUPPLY
FITB,FIFTH THIRD BANCORP
GWW,WW GRAINGER INC
BR,BROADRIDGE FINANCIAL SOLUTIONS INC
SYF,SYNCHRONY FINANCIAL
FTNT,FORTINET INC
NTRS,NORTHERN TRUST CORP
MAS,MASCO CORP
HOLX,HOLOGIC INC
PEAK,HEALTHPEAK PROPERTIES INC
PXD,PIONEER NATURAL RESOURCE
HZNP,HORIZON THERAPEUTICS PUBLIC PLC
XYL,XYLEM INC
DPZ,DOMINOS PIZZA INC
EXPD,EXPEDITORS INTERNATIONAL OF WASHIN
GRMN,GARMIN LTD
DGX,QUEST DIAGNOSTICS INC
ALNY,ALNYLAM PHARMACEUTICALS INC
LBRDK,LIBERTY BROADBAND CORP SERIES C
CRWD,CROWDSTRIKE HOLDINGS INC CLASS A
ESS,ESSEX PROPERTY TRUST REIT INC
NDAQ,NASDAQ INC
GPC,GENUINE PARTS
PINS,PINTEREST INC CLASS A
FMC,FMC CORP
TDOC,TELADOC HEALTH INC
QRVO,QORVO INC
MKL,MARKEL CORP
BFB,BROWN FORMAN CORP CLASS B
STE,STERIS
SUI,SUN COMMUNITIES REIT INC
NUE,NUCOR CORP
HRL,HORMEL FOODS CORP
EXR,EXTRA SPACE STORAGE REIT INC
DRE,DUKE REALTY REIT CORP
IEX,IDEX CORP
CAH,CARDINAL HEALTH INC
HIG,HARTFORD FINANCIAL SERVICES GROUP
NVR,NVR INC
MAA,MID AMERICA APARTMENT COMMUNITIES
ABC,AMERISOURCEBERGEN CORP
TIF,TIFFANY
PODD,INSULET CORP
BURL,BURLINGTON STORES INC
BMRN,BIOMARIN PHARMACEUTICAL INC
MLM,MARTIN MARIETTA MATERIALS INC
SSNC,SS AND C TECHNOLOGIES HOLDINGS INC
ETSY,ETSY INC
PAYC,PAYCOM SOFTWARE INC
IFF,INTERNATIONAL FLAVORS & FRAGRANCES
BXP,BOSTON PROPERTIES REIT INC
CHRW,CH ROBINSON WORLDWIDE INC
MTB,M&T BANK CORP
PKI,PERKINELMER INC
CE,CELANESE CORP
ZBRA,ZEBRA TECHNOLOGIES CORP CLASS A
SIVB,SVB FINANCIAL GROUP
LNT,ALLIANT ENERGY CORP
TYL,TYLER TECHNOLOGIES INC
ULTA,ULTA BEAUTY INC
CTLT,CATALENT INC
DDOG,DATADOG INC CLASS A
EXPE,EXPEDIA GROUP INC
TRMB,TRIMBLE INC
URI,UNITED RENTALS INC
SJM,JM SMUCKER
TER,TERADYNE INC
HAL,HALLIBURTON
IR,INGERSOLL RAND INC
WAT,WATER CORP
KEY,KEYCORP
FDS,FACTSET RESEARCH SYSTEMS INC
GDDY,GODADDY INC CLASS A
BKI,BLACK KNIGHT INC
HPE,HEWLETT PACKARD ENTERPRISE
RCL,ROYAL CARIBBEAN GROUP LTD
JKHY,JACK HENRY AND ASSOCIATES INC
ABMD,ABIOMED INC
CFG,CITIZENS FINANCIAL GROUP INC
PHM,PULTEGROUP INC
WAB,WESTINGHOUSE AIR BRAKE TECHNOLOGIE
NLOK,NORTONLIFELOCK INC
ANET,ARISTA NETWORKS INC
ACGL,ARCH CAPITAL GROUP LTD
OKE,ONEOK INC
ETFC,E TRADE FINANCIAL CORP
CTL,CENTURYLINK INC
DRI,DARDEN RESTAURANTS INC
LDOS,LEIDOS HOLDINGS INC
WPC,W. P. CAREY REIT INC
FBHS,FORTUNE BRANDS HOME AND SECURITY I
EVRG,EVERGY INC
AES,AES CORP
Z,ZILLOW GROUP INC CLASS C
POOL,POOL CORP
HES,HESS CORP
FICO,FAIR ISAAC CORP
CINF,CINCINNATI FINANCIAL CORP
J,JACOBS ENGINEERING GROUP INC
RF,REGIONS FINANCIAL CORP
WDC,WESTERN DIGITAL CORP
BAH,BOOZ ALLEN HAMILTON HOLDING CORP C
OMC,OMNICOM GROUP INC
HUBS,HUBSPOT INC
EXAS,EXACT SCIENCES CORP
VICI,VICI PPTYS INC
LNG,CHENIERE ENERGY INC
IT,GARTNER INC
TDY,TELEDYNE TECHNOLOGIES INC
PFG,PRINCIPAL FINANCIAL GROUP INC
GNRC,GENERAC HOLDINGS INC
ATO,ATMOS ENERGY CORP
JBHT,JB HUNT TRANSPORT SERVICES INC
ELS,EQUITY LIFESTYLE PROPERTIES REIT I
QGEN,QIAGEN NV
VMW,VMWARE CLASS A INC
MGM,MGM RESORTS INTERNATIONAL
NDSN,NORDSON CORP
KDP,KEURIG DR PEPPER INC
NLY,ANNALY CAPITAL MANAGEMENT REIT INC
WHR,WHIRLPOOL CORP
MOH,MOLINA HEALTHCARE INC
EMN,EASTMAN CHEMICAL
ELAN,ELANCO ANIMAL HEALTH INC
BIO,BIO RAD LABORATORIES INC CLASS A
RPM,RPM INTERNATIONAL INC
ZEN,ZENDESK INC
CRL,CHARLES RIVER LABORATORIES INTERNA
MPWR,MONOLITHIC POWER SYSTEMS INC
MASI,MASIMO CORP
BRO,BROWN & BROWN INC
UAL,UNITED AIRLINES HOLDINGS INC
CGNX,COGNEX CORP
ALB,ALBEMARLE CORP
AAP,ADVANCE AUTO PARTS INC
SRPT,SAREPTA THERAPEUTICS INC
GGG,GRACO INC
HBAN,HUNTINGTON BANCSHARES INC
UDR,UDR REIT INC
XRAY,DENTSPLY SIRONA INC
DELL,DELL TECHNOLOGIES INC CLASS C
AVY,AVERY DENNISON CORP
LKQ,LKQ CORP
CBOE,CBOE GLOBAL MARKETS INC
NTAP,NETAPP INC
AMTD,TD AMERITRADE HOLDING CORP
PKG,PACKAGING CORP OF AMERICA
CCK,CROWN HOLDINGS INC
NBIX,NEUROCRINE BIOSCIENCES INC
CNP,CENTERPOINT ENERGY INC
FOXA,FOX CORP CLASS A
HAS,HASBRO INC
AVTR,AVANTOR INC
LW,LAMB WESTON HOLDINGS INC
NVCR,NOVOCURE LTD
LII,LENNOX INTERNATIONAL INC
TECH,BIO TECHNE CORP
WORK,SLACK TECHNOLOGIES CLASS A INC
AVLR,AVALARA INC
SEDG,SOLAREDGE TECHNOLOGIES INC
BKR,BAKER HUGHES CLASS A
RJF,RAYMOND JAMES INC
MPW,MEDICAL PROPERTIES TRUST REIT INC
CVNA,CARVANA CLASS A
ALLY,ALLY FINANCIAL INC
FNF,FIDELITY NATIONAL FINANCIAL INC
WU,WESTERN UNION
STNE,STONECO LTD CLASS A
VST,VISTRA CORP
ALLE,ALLEGION PLC
CXO,CONCHO RESOURCES INC
PCG,PG&E CORP
CABO,CABLE ONE INC
IAC,IAC INTERACTIVE
TXT,TEXTRON INC
ZS,ZSCALER INC
HSIC,HENRY SCHEIN INC
ENTG,ENTEGRIS INC
ON,ON SEMICONDUCTOR CORP
BWA,BORGWARNER INC
MTN,VAIL RESORTS INC
GL,GLOBE LIFE INC
WTRG,ESSENTIAL UTILITIES INC
GWRE,GUIDEWIRE SOFTWARE INC
TTC,TORO
WRB,WR BERKLEY CORP
WRK,WESTROCK
PTC,PTC INC
NUAN,NUANCE COMMUNICATIONS INC
MDB,MONGODB INC CLASS A
CONE,CYRUSONE REIT INC
RNR,RENAISSANCERE HOLDING LTD
PENN,PENN NATIONAL GAMING INC
RGLD,ROYAL GOLD INC
AZPN,ASPEN TECHNOLOGY INC
CPT,CAMDEN PROPERTY TRUST REIT
L,LOEWS CORP
HST,HOST HOTELS & RESORTS REIT INC
UHS,UNIVERSAL HEALTH SERVICES INC CLAS
ATUS,ALTICE USA INC CLASS A
SNA,SNAP ON INC
NI,NISOURCE INC
RE,EVEREST RE GROUP LTD
AGNC,AGNC INVESTMENT REIT CORP
CCL,CARNIVAL CORP
TREX,TREX INC
LYV,LIVE NATION ENTERTAINMENT INC
IRM,IRON MOUNTAIN INC
OXY,OCCIDENTAL PETROLEUM CORP
PNW,PINNACLE WEST CORP
EQH,EQUITABLE HOLDINGS INC
WYNN,WYNN RESORTS LTD
ROL,ROLLINS INC
MYL,MYLAN NV
CPB,CAMPBELL SOUP
DISH,DISH NETWORK CORP CLASS A
PTON,PELOTON INTERACTIVE CLASS A INC
CDAY,CERIDIAN HCM HOLDING INC
GLIBA,GCI LIBERTY INC CLASS A
BFAM,BRIGHT HORIZONS FAMILY SOLUTIONS I
CHGG,CHEGG INC
XPO,XPO LOGISTICS INC
DOX,AMDOCS LTD
ATR,APTARGROUP INC
AMH,AMERICAN HOMES RENT REIT CLASS A
JNPR,JUNIPER NETWORKS INC
WSO,WATSCO INC
GLPI,GAMING AND LEISURE PROPERTIES REIT
APO,APOLLO GLOBAL MANAGEMENT INC CLASS
JAZZ,JAZZ PHARMACEUTICALS PLC
VER,VEREIT INC
HUBB,HUBBELL INC
RGEN,REPLIGEN CORP
NRG,NRG ENERGY INC
GH,GUARDANT HEALTH INC
SCI,SERVICE
CHE,CHEMED CORP
PNR,PENTAIR
LYFT,LYFT INC CLASS A
COG,CABOT OIL & GAS CORP
EXEL,EXELIXIS INC
PWR,QUANTA SERVICES INC
LEA,LEAR CORP
PLAN,ANAPLAN INC
Y,ALLEGHANY CORP
CZR,CAESARS ENTERTAINMENT INC
OHI,OMEGA HEALTHCARE INVESTORS REIT IN
FWONK,LIBERTY MEDIA FORMULA ONE CORP SER
FFIV,F5 NETWORKS INC
AIZ,ASSURANT INC
CF,CF INDUSTRIES HOLDINGS INC
COLD,AMERICOLD REALTY TRUST
ZNGA,ZYNGA INC CLASS A
BYND,BEYOND MEAT INC
AMED,AMEDISYS INC
OLED,UNIVERSAL DISPLAY CORP
ENPH,ENPHASE ENERGY INC
SAM,BOSTON BEER INC CLASS A
FIVN,FIVE9 INC
DISCK,DISCOVERY INC SERIES C
G,GENPACT LTD
DVA,DAVITA INC
BERY,BERRY GLOBAL GROUP INC
RGA,REINSURANCE GROUP OF AMERICA INC
WSM,WILLIAMS SONOMA INC
OC,OWENS CORNING
HWM,HOWMET AEROSPACE INC
LNC,LINCOLN NATIONAL CORP
FIVE,FIVE BELOW INC
RS,RELIANCE STEEL & ALUMINUM
IPG,INTERPUBLIC GROUP OF COMPANIES INC
DT,DYNATRACE INC
NYT,NEW YORK TIMES CLASS A
IAA,IAA INC
IONS,IONIS PHARMACEUTICALS INC
RUN,SUNRUN INC
HEIA,HEICO CORP CLASS A
MSFUT,CASH COLLATERAL MSFUT USD
PRGO,PERRIGO PLC
UGI,UGI CORP
AOS,A O SMITH CORP
CSL,CARLISLE COMPANIES INC
ST,SENSATA TECHNOLOGIES HOLDING PLC
NWL,NEWELL BRANDS INC
LVGO,LIVONGO HEALTH INC
DNKN,DUNKIN BRANDS GROUP INC
SIRI,SIRIUS XM HOLDINGS INC
CREE,CREE INC
GNTX,GENTEX CORP
REG,REGENCY CENTERS REIT CORP
PRAH,PRA HEALTH SCIENCES INC
NNN,NATIONAL RETAIL PROPERTIES REIT IN
TXG,10X GENOMICS INC CLASS A
CIEN,CIENA CORP
LB,L BRANDS INC
AAL,AMERICAN AIRLINES GROUP INC
ARMK,ARAMARK
EHC,ENCOMPASS HEALTH CORP
CASY,CASEYS GENERAL STORES INC
LPLA,LPL FINANCIAL HOLDINGS INC
ARW,ARROW ELECTRONICS INC
GRUB,GRUBHUB INC
KRC,KILROY REALTY REIT CORP
HDS,HD SUPPLY HOLDINGS INC
STOR,STORE CAPITAL CORP
FND,FLOOR DECOR HOLDINGS INC CLASS A
SMG,SCOTTS MIRACLE GRO
LSXMK,LIBERTY MEDIA LIBERTY SIRIUSXM COR
MOS,MOSAIC
CHDN,CHURCHILL DOWNS INC
TNDM,TANDEM DIABETES CARE INC
BG,BUNGE LTD
GLOB,GLOBANT SA
CUBE,CUBESMART REIT
WEX,WEX INC
RH,RH
TAP,MOLSON COORS BREWING CLASS B
STLD,STEEL DYNAMICS INC
LHCG,LHC GROUP INC
SEE,SEALED AIR CORP
DCI,DONALDSON INC
OGE,OGE ENERGY CORP
VNO,VORNADO REALTY TRUST REIT
VOYA,VOYA FINANCIAL INC
PEN,PENUMBRA INC
NVAX,NOVAVAX INC
NWSA,NEWS CORP CLASS A
RHI,ROBERT HALF
MYOK,MYOKARDIA INC
FRT,FEDERAL REALTY INVESTMENT TRUST RE
FSLY,FASTLY INC CLASS A
MANH,MANHATTAN ASSOCIATES INC
ACM,AECOM
FSLR,FIRST SOLAR INC
LEG,LEGGETT & PLATT INC
IRTC,IRHYTHM TECHNOLOGIES INC
MHK,MOHAWK INDUSTRIES INC
DECK,DECKERS OUTDOOR CORP
IPGP,IPG PHOTONICS CORP
MNTA,MOMENTA PHARMACEUTICALS INC
HII,HUNTINGTON INGALLS INDUSTRIES INC
DAR,DARLING INGREDIENTS INC
HTA,HEALTHCARE TRUST OF AMERICA REIT I
CBSH,COMMERCE BANCSHARES INC
PFPT,PROOFPOINT INC
SEIC,SEI INVESTMENTS
QDEL,QUIDEL CORP
CMA,COMERICA INC
HRC,HILL ROM HOLDINGS INC
FAF,FIRST AMERICAN FINANCIAL CORP
LAMR,LAMAR ADVERTISING COMPANY CLAS
BEN,FRANKLIN RESOURCES INC
BWXT,BWX TECHNOLOGIES INC
CACI,CACI INTERNATIONAL INC CLASS A
LAD,LITHIA MOTORS INC CLASS A
ESTC,ELASTIC NV
AIV,APARTMENT INVESTMENT AND MANAGEMEN
MKSI,MKS INSTRUMENTS INC
BJ,BJS WHOLESALE CLUB HOLDINGS INC
AYX,ALTERYX INC CLASS A
SON,SONOCO PRODUCTS
HBI,HANESBRANDS INC
CLGX,CORELOGIC INC
MIDD,MIDDLEBY CORP
CDK,CDK GLOBAL INC
POST,POST HOLDINGS INC
SRCL,STERICYCLE INC
LECO,LINCOLN ELECTRIC HOLDINGS INC
LITE,LUMENTUM HOLDINGS INC
SERV,SERVICEMASTER GLOBAL HOLDINGS INC
REXR,REXFORD INDUSTRIAL REALTY REIT INC
NLSN,NIELSEN HOLDINGS PLC
ITT,ITT INC
ERIE,ERIE INDEMNITY CLASS A
JLL,JONES LANG LASALLE INC
FHN,FIRST HORIZON NATIONAL CORP
PII,POLARIS INC
OSK,OSHKOSH CORP
PVH,PVH CORP
MRTX,MIRATI THERAPEUTICS INC
INGR,INGREDION INC
KNX,KNIGHT-SWIFT TRANSPORTATION HOLDIN
AAXN,AXON ENTERPRISE INC
ZION,ZIONS BANCORPORATION
THO,THOR INDUSTRIES INC
FR,FIRST INDUSTRIAL REALTY TRUST INC
USFD,US FOODS HOLDING CORP
SNX,SYNNEX CORP
TTEK,TETRA TECH INC
DXC,DXC TECHNOLOGY
PRI,PRIMERICA INC
SMAR,SMARTSHEET INC CLASS A
BLD,TOPBUILD CORP
EWBC,EAST WEST BANCORP INC
AFG,AMERICAN FINANCIAL GROUP INC
ZG,ZILLOW GROUP INC CLASS A
TOL,TOLL BROTHERS INC
SITE,SITEONE LANDSCAPE SUPPLY INC
LSI,LIFE STORAGE INC
FANG,DIAMONDBACK ENERGY INC
LSTR,LANDSTAR SYSTEM INC
HELE,HELEN OF TROY LTD
SBNY,SIGNATURE BANK
PCTY,PAYLOCITY HOLDING CORP
KIM,KIMCO REALTY REIT CORP
ACC,AMERICAN CAMPUS COMMUNITIES REIT I
ALK,ALASKA AIR GROUP INC
IPHI,INPHI CORP
AXTA,AXALTA COATING SYSTEMS LTD
EGP,EASTGROUP PROPERTIES REIT INC
XLRN,ACCELERON PHARMA INC
WH,WYNDHAM HOTELS RESORTS INC
BC,BRUNSWICK CORP
PFGC,PERFORMANCE FOOD GROUP
HUN,HUNTSMAN CORP
RP,REALPAGE INC
DBX,DROPBOX INC CLASS A
EBS,EMERGENT BIOSOLUTIONS INC
TPR,TAPESTRY INC
MDU,MDU RESOURCES GROUP INC
COR,CORESITE REALTY REIT CORP
STAG,STAG INDUSTRIAL REIT INC
HLF,HERBALIFE NUTRITION LTD
PLNT,PLANET FITNESS INC CLASS A
HEI,HEICO CORP
FLIR,FLIR SYSTEMS INC
AGCO,AGCO CORP
IOVA,IOVANCE BIOTHERAPEUTICS INC
JBL,JABIL INC
NVRO,NEVRO CORP
PB,PROSPERITY BANCSHARES INC
RDFN,REDFIN CORP
NATI,NATIONAL INSTRUMENTS CORP
SSD,SIMPSON MANUFACTURING INC
PBCT,PEOPLES UNITED FINANCIAL INC
KMPR,KEMPER CORP
SAIC,SCIENCE APPLICATIONS INTERNATIONAL
UTHR,UNITED THERAPEUTICS CORP
PEGA,PEGASYSTEMS INC
FOX,FOX CORP CLASS B
EEFT,EURONET WORLDWIDE INC
APA,APACHE CORP
HAE,HAEMONETICS CORP
NXST,NEXSTAR MEDIA GROUP INC CLASS A
WWD,WOODWARD INC
FLO,FLOWERS FOODS INC
NCLH,NORWEGIAN CRUISE LINE HOLDINGS LTD
OLLI,OLLIES BARGAIN OUTLET HOLDINGS INC
MSA,MSA SAFETY INC
DEI,DOUGLAS EMMETT REIT INC
PLUG,PLUG POWER INC
TXRH,TEXAS ROADHOUSE INC
TW,TRADEWEB MARKETS INC CLASS A
STWD,STARWOOD PROPERTY TRUST REIT INC
NOV,NATIONAL OILWELL VARCO INC
RARE,ULTRAGENYX PHARMACEUTICAL INC
CUZ,COUSINS PROPERTIES REIT INC
MMS,MAXIMUS INC
HOG,HARLEY DAVIDSON INC
CCMP,CABOT MICROELECTRONICS CORP
ACAD,ACADIA PHARMACEUTICALS INC
NBL,NOBLE ENERGY INC
EV,EATON VANCE COM NON VOTING CORP
NTRA,NATERA INC
ORI,OLD REPUBLIC INTERNATIONAL CORP
QRTEA,QURATE RETAIL INC SERIES A
IDA,IDACORP INC
IVZ,INVESCO LTD
WEN,WENDYS
QTWO,Q2 HOLDINGS INC
ENV,ENVESTNET INC
ATH,ATHENE HOLDING LTD CLASS A
DLB,DOLBY LABORATORIES INC CLASS A
MAN,MANPOWER INC
TPX,TEMPUR SEALY INTERNATIONAL INC
NTNX,NUTANIX INC CLASS A
GPK,GRAPHIC PACKAGING HOLDING
MUSA,MURPHY USA INC
LFUS,LITTELFUSE INC
WING,WINGSTOP INC
ESNT,ESSENT GROUP LTD
BRKR,BRUKER CORP
PRLB,PROTO LABS INC
NYCB,NEW YORK COMMUNITY BANCORP INC
CW,CURTISS WRIGHT CORP
SKX,SKECHERS USA INC CLASS A
NVST,ENVISTA HOLDINGS CORP
EXPO,EXPONENT INC
GMED,GLOBUS MEDICAL INC CLASS A
FCN,FTI CONSULTING INC
LOPE,GRAND CANYON EDUCATION INC
SLAB,SILICON LABORATORIES INC
AYI,ACUITY BRANDS INC
KNSL,KINSALE CAPITAL GROUP INC
TCF,TCF FINANCIAL CORP
HQY,HEALTHEQUITY INC
ASH,ASHLAND GLOBAL
ETRN,EQUITRANS MIDSTREAM CORP
FRPT,FRESHPET INC
BL,BLACKLINE INC
NVTA,INVITAE CORP
VAC,MARRIOTT VACATIONS WORLDWIDE CORP
HR,HEALTHCARE REALTY TRUST REIT INC
NEOG,NEOGEN CORP
AAN,AARONS INC
EVBG,EVERBRIDGE INC
ALSN,ALLISON TRANSMISSION HOLDINGS INC
WMGI,WRIGHT MEDICAL GROUP NV
RL,RALPH LAUREN CORP CLASS A
ARES,ARES MANAGEMENT CORP CLASS A
JEF,JEFFERIES FINANCIAL GROUP INC
RBC,REGAL BELOIT CORP
BLDR,BUILDERS FIRSTSOURCE INC
HALO,HALOZYME THERAPEUTICS INC
TRNO,TERRENO REALTY REIT CORP
VVV,VALVOLINE INC
RYN,RAYONIER REIT INC
CRI,CARTERS INC
EME,EMCOR GROUP INC
UNM,UNUM
BPMC,BLUEPRINT MEDICINES CORP
VRT,VERTIV HOLDINGS CO
FL,FOOT LOCKER INC
QTS,QTS REALTY REIT INC TRUST CLASS A
SLG,SL GREEN REALTY REIT CORP
CFR,CULLEN FROST BANKERS INC
DOC,PHYSICIANS REALTY TRUST REIT
MTH,MERITAGE CORP
NET,CLOUDFLARE INC CLASS A
ARNA,ARENA PHARMACEUTICALS INC
AXS,AXIS CAPITAL HOLDINGS LTD
IIVI,II VI INC
FFIN,FIRST FINANCIAL BANKSHARES INC
MRCY,MERCURY SYSTEMS INC
SCCO,SOUTHERN COPPER CORP
TKR,TIMKEN
KSS,KOHLS CORP
JBLU,JETBLUE AIRWAYS CORP
OGS,ONE GAS INC
SMTC,SEMTECH CORP
SRC,SPIRIT REALTY CAPITAL REIT INC
SSB,SOUTH STATE CORP
BRX,BRIXMOR PROPERTY GROUP REIT INC
FLS,FLOWSERVE CORP
EQT,EQT CORP
MAT,MATTEL INC
SYNH,SYNEOS HEALTH INC CLASS A
STMP,STAMPS.COM INC
LSCC,LATTICE SEMICONDUCTOR CORP
SF,STIFEL FINANCIAL CORP
EQC,EQUITY COMMONWEALTH REIT
THG,HANOVER INSURANCE GROUP INC
DISCA,DISCOVERY INC SERIES A
ICUI,ICU MEDICAL INC
NEO,NEOGENOMICS INC
ADC,AGREE REALTY REIT CORP
CC,CHEMOURS
HPP,HUDSON PACIFIC PROPERTIES REIT INC
EXP,EAGLE MATERIALS INC
FGEN,FIBROGEN INC
FTDR,FRONTDOOR INC
LAZ,LAZARD LTD CLASS A
KBR,KBR INC
HIW,HIGHWOODS PROPERTIES REIT INC
HE,HAWAIIAN ELECTRIC INDUSTRIES INC
FOLD,AMICUS THERAPEUTICS INC
NFG,NATIONAL FUEL GAS
LBRDA,LIBERTY BROADBAND CORP SERIES A
TRGP,TARGA RESOURCES CORP
LPX,LOUISIANA PACIFIC CORP
CACC,CREDIT ACCEPTANCE CORP
SWX,SOUTHWEST GAS HOLDINGS INC
MRO,MARATHON OIL CORP
RLI,RLI CORP
DVN,DEVON ENERGY CORP
VRNS,VARONIS SYSTEMS INC
MTG,MGIC INVESTMENT CORP
PSTG,PURE STORAGE INC CLASS A
ARWR,ARROWHEAD PHARMACEUTICALS INC
RAMP,LIVERAMP HOLDINGS INC
IBKR,INTERACTIVE BROKERS GROUP INC CLAS
CHH,CHOICE HOTELS INTERNATIONAL INC
MORN,MORNINGSTAR INC
BLUE,BLUEBIRD BIO INC
SAIA,SAIA INC
ASGN,ASGN INC
AL,AIR LEASE CORP CLASS A
HXL,HEXCEL CORP
UFPI,UFP INDUSTRIES INC
WAL,WESTERN ALLIANCE
CRUS,CIRRUS LOGIC INC
DKS,DICKS SPORTING INC
RXN,REXNORD CORP
INSP,INSPIRE MEDICAL SYSTEMS INC
JBGS,JBG SMITH PROPERTIES
YETI,YETI HOLDINGS INC
GBT,GLOBAL BLOOD THERAPEUTICS INC
JCOM,J2 GLOBAL INC
AWI,ARMSTRONG WORLD INDUSTRIES INC
NRZ,NEW RESIDENTIAL INVESTMENT REIT CO
HFC,HOLLYFRONTIER CORP
CBRL,CRACKER BARREL OLD COUNTRY STORE I
LANC,LANCASTER COLONY CORP
XRX,XEROX HOLDINGS CORP
TMHC,TAYLOR MORRISON HOME CORP
CHNG,CHANGE HEALTHCARE INC
NKTR,NEKTAR THERAPEUTICS
PNM,PNM RESOURCES INC
KBH,KB HOME
NOVT,NOVANTA INC
IRDM,IRIDIUM COMMUNICATIONS INC
BKH,BLACK HILLS CORP
SAIL,SAILPOINT TECHNOLOGIES HOLDINGS IN
MEDP,MEDPACE HOLDINGS INC
CFX,COLFAX CORP
BPOP,POPULAR INC
IART,INTEGRA LIFESCIENCES HOLDINGS CORP
UHAL,AMERCO
AMG,AFFILIATED MANAGERS GROUP INC
BEPC,BROOKFIELD RENEWABLE SUBORDINATE V
RDN,RADIAN GROUP INC
VRNT,VERINT SYSTEMS INC
CBU,COMMUNITY BANK SYSTEM INC
QLYS,QUALYS INC
BFA,BROWN FORMAN CORP CLASS A
OSTK,OVERSTOCK COM INC
POR,PORTLAND GENERAL ELECTRIC
SNV,SYNOVUS FINANCIAL CORP
UBSI,UNITED BANKSHARES INC
BCPC,BALCHEM CORP
BXMT,BLACKSTONE MORTGAGE TRUST REIT CLA
OMCL,OMNICELL INC
JBT,JOHN BEAN TECHNOLOGIES CORP
SBRA,SABRA HEALTH CARE REIT INC
GPS,GAP INC
AN,AUTONATION INC
ROLL,RBC BEARINGS INC
BRKS,BROOKS AUTOMATION INC
GBCI,GLACIER BANCORP INC
POWI,POWER INTEGRATIONS INC
SIGI,SELECTIVE INSURANCE GROUP INC
MSGS,MADISON SQUARE GARDEN SPORTS CORP
UNVR,UNIVAR SOLUTIONS INC
HL,HECLA MINING
LSXMA,LIBERTY MEDIA LIBERTY SIRIUSXM COR
ACIW,ACI WORLDWIDE INC
WYND,WYNDHAM DESTINATIONS INC
INSM,INSMED INC
LPSN,LIVEPERSON INC
THC,TENET HEALTHCARE CORP
CNNE,CANNAE HOLDINGS INC
AJRD,AEROJET ROCKETDYNE HOLDINGS INC
SLGN,SILGAN HOLDINGS INC
PNFP,PINNACLE FINANCIAL PARTNERS INC
NUVA,NUVASIVE INC
UNF,UNIFIRST CORP
CG,CARLYLE GROUP INC
MSM,MSC INDUSTRIAL INC CLASS A
CPRI,CAPRI HOLDINGS LTD
SYNA,SYNAPTICS INC
HASI,HANNON ARMSTRONG SUSTAINABLE INFRA
HRB,H&R BLOCK INC
RPD,RAPID7 INC
SLM,SLM CORP
BHF,BRIGHTHOUSE FINANCIAL INC
PRNB,PRINCIPIA BIOPHARMA INC
ENS,ENERSYS
FELE,FRANKLIN ELECTRIC INC
SPB,SPECTRUM BRANDS HOLDINGS INC
CROX,CROCS INC
WTS,WATTS WATER TECHNOLOGIES INC CLASS
PTCT,PTC THERAPEUTICS INC
SAGE,SAGE THERAPEUTICS INC
ADPT,ADAPTIVE BIOTECHNOLOGIES CORP
FOXF,FOX FACTORY HOLDING CORP
AVT,AVNET INC
PZZA,PAPA JOHNS INTERNATIONAL INC
BHVN,BIOHAVEN PHARMACEUTICAL HOLDING CO
EYE,NATIONAL VISION HOLDINGS INC
FEYE,FIREEYE INC
CCOI,COGENT COMMUNICATIONS HOLDINGS INC
NEWR,NEW RELIC INC
LCII,LCI INDUSTRIES
PRSP,PERSPECTA INC
CLH,CLEAN HARBORS INC
CR,CRANE
VLY,VALLEY NATIONAL
HAIN,HAIN CELESTIAL GROUP INC
ENSG,ENSIGN GROUP INC
ALKS,ALKERMES
VIAV,VIAVI SOLUTIONS INC
TGNA,TEGNA INC
BAND,BANDWIDTH INC CLASS A
PCH,POTLATCHDELTIC CORP
NJR,NEW JERSEY RESOURCES CORP
AWR,AMERICAN STATES WATER
NVT,NVENT ELECTRIC PLC
VMI,VALMONT INDS INC
WMS,ADVANCED DRAINAGE SYSTEMS INC
GO,GROCERY OUTLET HOLDING CORP
BBIO,BRIDGEBIO PHARMA INC
PE,PARSLEY ENERGY INC CLASS A
NHI,NATIONAL HEALTH INVESTORS REIT INC
COLM,COLUMBIA SPORTSWEAR
WSC,WILLSCOT MOBILE MINI HOLDINGS CORP
LXP,LEXINGTON REALTY TRUST REIT
NUS,NU SKIN ENTERPRISES INC CLASS A
CWST,CASELLA WASTE SYSTEMS INC CLASS A
SR,SPIRE INC
ALE,ALLETE INC
PK,PARK HOTELS RESORTS INC
BMCH,BMC STOCK HOLDINGS INC
AGR,AVANGRID INC
OZK,BANK OZK
BLKB,BLACKBAUD INC
CNO,CNO FINANCIAL GROUP INC
SVMK,SVMK INC
PFSI,PENNYMAC FINANCIAL SERVICES INC
MTZ,MASTEC INC
TDC,TERADATA CORP
MIME,MIMECAST LTD
AIMC,ALTRA INDUSTRIAL MOTION CORP
TNET,TRINET GROUP INCINARY
OFC,CORPORATE OFFICE PROPERTIES TRUST
TPH,TRI POINTE GROUP INC
WERN,WERNER ENTERPRISES INC
NG,NOVAGOLD RESOURCES INC
FCNCA,FIRST CITIZENS BANCSHARES INC CLAS
ACHC,ACADIA HEALTHCARE COMPANY INC
AA,ALCOA CORP
NSP,INSPERITY INC
COHR,COHERENT INC
WBS,WEBSTER FINANCIAL CORP
NCR,NCR CORP
XEC,CIMAREX ENERGY
ALRM,ALARM.COM HOLDINGS INC
WDFC,WD-40
TENB,TENABLE HOLDINGS INC
ENR,ENERGIZER HOLDINGS INC
AVNT,AVIENT CORP
SPSC,SPS COMMERCE INC
KMT,KENNAMETAL INC
MDLA,MEDALLIA INC
NWE,NORTHWESTERN CORP
ESI,ELEMENT SOLUTIONS INC
ACIA,ACACIA COMMUNICATIONS INC
FCFS,FIRSTCASH INC
ONB,OLD NATIONAL BANCORP
AMN,AMN HEALTHCARE INC
FUL,HB FULLER
EVR,EVERCORE INC CLASS A
NEU,NEWMARKET CORP
WTFC,WINTRUST FINANCIAL CORP
TWOU,2U INC
UMPQ,UMPQUA HOLDINGS CORP
HHC,HOWARD HUGHES CORP
GRA,WR GRACE
LGIH,LGI HOMES INC
BOX,BOX INC CLASS A
NGHC,NATIONAL GENERAL HOLDINGS CORP
KWR,QUAKER CHEMICAL CORP
GDOT,GREEN DOT CORP CLASS A
DOOR,MASONITE INTERNATIONAL CORP
WTM,WHITE MOUNTAINS INSURANCE GROUP LT
AEO,AMERICAN EAGLE OUTFITTERS INC
HOMB,HOME BANCSHARES INC
GTLS,CHART INDUSTRIES INC
SHAK,SHAKE SHACK INC CLASS A
SXT,SENSIENT TECHNOLOGIES CORP
CVBF,CVB FINANCIAL CORP
TREE,LENDINGTREE INC
SAFM,SANDERSON FARMS INC
AEIS,ADVANCED ENERGY INDUSTRIES INC
CLF,CLEVELAND CLIFFS INC
HLI,HOULIHAN LOKEY INC CLASS A
M,MACYS INC
DORM,DORMAN PRODUCTS INC
CMC,COMMERCIAL METALS
EPR,EPR PROPERTIES REIT
PSB,PS BUSINESS PARKS REIT INC
SFM,SPROUTS FARMERS MARKET INC
WLK,WESTLAKE CHEMICAL CORP
ORA,ORMAT TECH INC
ABM,ABM INDUSTRIES INC
STAY,EXTENDED STAY AMERICA UNITS INC
UMBF,UMB FINANCIAL CORP
OUT,OUTFRONT MEDIA INC
TGTX,TG THERAPEUTICS INC
PRMW,PRIMO WATER CORP
NGVT,INGEVITY CORP
SHEN,SHENANDOAH TELECOMMUNICATIONS
THS,TREEHOUSE FOODS INC
VG,VONAGE HOLDINGS CORP
STL,STERLING BANCORP
RETA,REATA PHARMACEUTICALS INC CLASS A
OVV,OVINTIV INC
PPD,PPD INC
FNB,FNB CORP
SCL,STEPAN
HMSY,HMS HOLDINGS CORP
AGIO,AGIOS PHARMACEUTICALS INC
R,RYDER SYSTEM INC
KTOS,KRATOS DEFENSE AND SECURITY SOLUTI
WWW,WOLVERINE WORLD WIDE INC
ITRI,ITRON INC
GT,GOODYEAR TIRE & RUBBER
MDC,MDC HOLDINGS INC
BYD,BOYD GAMING CORP
BCO,BRINKS
FHI,FEDERATED HERMES INC CLASS B
MMSI,MERIT MEDICAL SYSTEMS INC
AVA,AVISTA CORP
LIVN,LIVANOVA PLC
SEM,SELECT MEDICAL HOLDINGS CORP
CLDR,CLOUDERA INC
HI,HILLENBRAND INC
KEX,KIRBY CORP
MGEE,MGE ENERGY INC
CNMD,CONMED CORP
BKU,BANKUNITED INC
STAA,STAAR SURGICAL
PLMR,PALOMAR HOLDINGS INC
ASB,ASSOCIATED BANCORP
PCRX,PACIRA BIOSCIENCES INC
CBT,CABOT CORP
PACW,PACWEST BANCORP
TPTX,TURNING POINT THERAPEUTICS INC
DAN,DANA INCORPORATED INC
TRUP,TRUPANION INC
XNCR,XENCOR INC
ADS,ALLIANCE DATA SYSTEMS CORP
AAON,AAON INC
VSH,VISHAY INTERTECHNOLOGY INC
H,HYATT HOTELS CORP CLASS A
BOH,BANK OF HAWAII CORP.
APPF,APPFOLIO INC CLASS A
FATE,FATE THERAPEUTICS INC
NAV,NAVISTAR INTERNATIONAL CORP
UAA,UNDER ARMOUR INC CLASS A
TRIP,TRIPADVISOR INC
AXSM,AXSOME THERAPEUTICS INC
APPN,APPIAN CORP CLASS A
ITGR,INTEGER HOLDINGS CORP
VC,VISTEON CORP
SPR,SPIRIT AEROSYSTEMS INC CLASS A
WRI,WEINGARTEN REALTY INVESTORS REIT
BRC,BRADY NONVOTING CORP CLASS A
WCC,WESCO INTERNATIONAL INC
AEL,AMERICAN EQUITY INVESTMENT LIFE HO
CWT,CALIFORNIA WATER SERVICE GROUP
APLE,APPLE HOSPITALITY REIT INC
IBP,INSTALLED BUILDING PRODUCTS INC
BXS,BANCORPSOUTH
IRBT,IROBOT CORP
GATX,GATX CORP
NSIT,INSIGHT ENTERPRISES INC
EXLS,EXLSERVICE HOLDINGS INC
KAR,KAR AUCTION SERVICES INC
CCXI,CHEMOCENTRYX INC
TDS,TELEPHONE AND DATA SYSTEMS INC
DNLI,DENALI THERAPEUTICS INC
ADSW,ADVANCED DISPOSAL SERVICES INC
ESE,ESCO TECHNOLOGIES INC
INDB,INDEPENDENT BANK CORP
CSOD,CORNERSTONE ONDEMAND INC
FN,FABRINET
SILK,SILK ROAD MEDICAL INC
AIT,APPLIED INDUSTRIAL TECHNOLOGIES IN
CWEN,CLEARWAY ENERGY INC CLASS C
VSAT,VIASAT INC
ABG,ASBURY AUTOMOTIVE GROUP INC.
MED,MEDIFAST INC
FHB,FIRST HAWAIIAN INC
CARG,CARGURUS INC CLASS A
JACK,JACK IN THE BOX INC
JJSF,J AND J SNACK FOODS CORP
RHP,RYMAN HOSPITALITY PROPERTIES REIT
ACA,ARCOSA INC
APAM,ARTISAN PARTNERS ASSET MANAGEMENT
MOGA,MOOG INC CLASS A
TCO,TAUBMAN CENTERS REIT INC
OMF,ONEMAIN HOLDINGS INC
APG,API GROUP CORP
NSA,NATIONAL STORAGE AFFILIATES TRUST
FIX,COMFORT SYSTEMS USA INC
COLB,COLUMBIA BANKING SYSTEM INC
EVTC,EVERTEC INC
SUM,SUMMIT MATERIALS INC CLASS A
CAR,AVIS BUDGET GROUP INC
FSS,FEDERAL SIGNAL CORP
HGV,HILTON GRAND VACATIONS INC
DIOD,DIODES INC
CRNC,CERENCE INC
PLXS,PLEXUS CORP
ARNC,ARCONIC CORP
BDN,BRANDYWINE REALTY TRUST REIT
PDCO,PATTERSON COMPANIES INC
IIPR,INNOVATIVE INDUSTRIAL PROPERTIES I
STRA,STRATEGIC EDUCATION INC
BMI,BADGER METER INC
ALLK,ALLAKOS INC
EAT,BRINKER INTERNATIONAL INC
MANT,MANTECH INTERNATIONAL CORP CLASS A
ROG,ROGERS CORP
UA,UNDER ARMOUR INC CLASS C
CYRX,CRYOPORT INC
GHC,GRAHAM HOLDINGS COMPANY CLASS B
GKOS,GLAUKOS CORP
APPS,DIGITAL TURBINE INC
TWST,TWIST BIOSCIENCE CORP
SHO,SUNSTONE HOTEL INVESTORS REIT INC
TRTN,TRITON INTERNATIONAL LTD
MIC,MACQUARIE INFRASTRUCTURE CORP
CNX,CNX RESOURCES CORP
INOV,INOVALON HOLDINGS INC CLASS A
PRAA,PRA GROUP INC
CMP,COMPASS MINERALS INTERNATIONAL INC
SJI,S JERSEY INDS INC
PINC,PREMIER INC CLASS A
IDCC,INTERDIGITAL INC
ROCK,GIBRALTAR INDUSTRIES INC
SIX,SIX FLAGS ENTERTAINMENT CORP
SMPL,THE SIMPLY GOOD FOODS COMPANY
OI,O I GLASS INC
FLOW,SPX FLOW INC
SFNC,SIMMONS FIRST NATIONAL CORP CLASS
ESGR,ENSTAR GROUP LTD
BIG,BIG LOTS INC
CDLX,CARDLYTICS INC
GNW,GENWORTH FINANCIAL A INC
CVET,COVETRUS INC
PBH,PRESTIGE CONSUMER HEALTHCARE INC
CORT,CORCEPT THERAPEUTICS INC
WK,WORKIVA INC CLASS A
DCPH,DECIPHERA PHARMACEUTICALS INC
CDE,COEUR MINING INC
WPX,WPX ENERGY INC
ALGT,ALLEGIANT TRAVEL
PDM,PIEDMONT OFFICE REALTY TRUST REIT
AUB,ATLANTIC UNION BANKSHARES CORP
CMD,CANTEL MEDICAL CORP
SABR,SABRE CORP
VSLR,VIVINT SOLAR INC
ITCI,INTRA CELLULAR THERAPIES INC
SPXC,SPX CORP
MWA,MUELLER WATER PRODUCTS INC SERIES
BOKF,BOK FINANCIAL CORP
EDIT,EDITAS MEDICINE INC
AQUA,EVOQUA WATER TECHNOLOGIES CORP
WRE,WASHINGTON REAL ESTATE INVESTMENT
MTOR,MERITOR INC
SFBS,SERVISFIRST BANCSHARES INC
OLN,OLIN CORP
CTRE,CARETRUST REIT INC
SANM,SANMINA CORP
UNIT,UNITI GROUP INC
CATY,CATHAY GENERAL BANCORP
PPBI,PACIFIC PREMIER BANCORP INC
DEA,EASTERLY GOVERNMENT PROPERTIES INC
SKYW,SKYWEST INC
MTX,MINERALS TECHNOLOGIES INC
TRN,TRINITY INDUSTRIES INC
ISBC,INVESTORS BANCORP INC
PEB,PEBBLEBROOK HOTEL TRUST REIT
CPA,COPA HOLDINGS A SA
NWS,NEWS CORP CLASS B
WWE,WORLD WRESTLING ENTERTAINMENT INC
MGLN,MAGELLAN HEALTH INC
NAVI,NAVIENT CORP
SWAV,SHOCKWAVE MEDICAL INC
HUBG,HUB GROUP INC CLASS A
KW,KENNEDY WILSON HOLDINGS INC
GPI,GROUP AUTOMOTIVE INC
HWC,HANCOCK WHITNEY CORP
EHTH,EHEALTH INC
FORM,FORMFACTOR INC
CMPR,CIMPRESS PLC
BIPC,BROOKFIELD INFRASTRUCTURE CORP CLA
EPAY,BOTTOMLINE TECHNOLOGIES INC
WAFD,WASHINGTON FEDERAL INC
DY,DYCOM INDUSTRIES INC
MATX,MATSON INC
APLS,APELLIS PHARMACEUTICALS INC
MC,MOELIS CLASS A
CIT,CIT GROUP INC
FCPT,FOUR CORNERS PROPERTY INC TRUST
ELY,CALLAWAY GOLF
CTB,COOPER TIRE AND RUBBER
ADNT,ADIENT PLC
SJW,SJW GROUP
ALLO,ALLOGENE THERAPEUTICS INC
SHOO,STEVEN MADDEN LTD
COMM,COMMSCOPE HOLDING INC
KFY,KORN FERRY
BGS,B AND G FOODS INC
X,US STEEL CORP
PD,PAGERDUTY INC
HP,HELMERICH & PAYNE INC
AGO,ASSURED GUARANTY LTD
AMBA,AMBARELLA INC
CVLT,COMMVAULT SYSTEMS INC
RLJ,RLJ LODGING TRUST REIT
NTCT,NETSCOUT SYSTEMS INC
RCM,R1 RCM INC
MLI,MUELLER INDUSTRIES INC
REGI,RENEWABLE ENERGY INC
NSTG,NANOSTRING TECHNOLOGIES INC
URBN,URBAN OUTFITTERS INC
EPC,EDGEWELL PERSONAL CARE
GNL,GLOBAL NET LEASE INC
CIM,CHIMERA INVESTMENT CORP
UFS,DOMTAR CORP
WKHS,WORKHORSE GROUP INC
EPRT,ESSENTIAL PROPERTIES REALTY TRUST
RMBS,RAMBUS INC
IOSP,INNOSPEC INC
IBOC,INTERNATIONAL BANCSHARES CORP
FULT,FULTON FINANCIAL CORP
BECN,BEACON ROOFING SUPPLY INC
EGHT,8X8 INC
JWN,NORDSTROM INC
INO,INOVIO PHARMACEUTICALS INC
SFIX,STITCH FIX INC CLASS A
PAG,PENSKE AUTOMOTIVE GROUP VOTING INC
SGMS,SCIENTIFIC GAMES CORP
INT,WORLD FUEL SERVICES CORP
PSMT,PRICESMART INC
WOR,WORTHINGTON INDUSTRIES INC
B,BARNES GROUP INC
WSFS,WSFS FINANCIAL CORP
MXL,MAXLINEAR INC
PMT,PENNYMAC MORTGAGE INVESTMENT TRUST
ATGE,ADTALEM GLOBAL EDUCATION INC
WGO,WINNEBAGO INDUSTRIES INC
CVCO,CAVCO INDUSTRIES INC
KURA,KURA ONCOLOGY INC
TCBI,TEXAS CAPITAL BANCSHARES INC
PS,PLURALSIGHT INC CLASS A
VIRT,VIRTU FINANCIAL INC CLASS A
WD,WALKER & DUNLOP INC
REZI,RESIDEO TECHNOLOGIES INC
JWA,JOHN WILEY AND SONS INC CLASS A
CENTA,CENTRAL GARDEN AND PET CLASS A
RCII,RENT-A-CENTER INC
IBTX,INDEPENDENT BANK GROUP INC
AIN,ALBANY INTERNATIONAL CORP CLASS A
REYN,REYNOLDS CONSUMER PRODUCTS INC
AM,ANTERO MIDSTREAM CORP
LAUR,LAUREATE EDUCATION INC CLASS A
COOP,MR COOPER GROUP INC
PGRE,PARAMOUNT GROUP REIT INC
MDRX,ALLSCRIPTS HEALTHCARE SOLUTIONS IN
MUR,MURPHY OIL CORP
YEXT,YEXT INC
HCSG,HEALTHCARE SERVICES INC
FIT,FITBIT INC CLASS A
LZB,LA-Z-BOY INC
SAVE,SPIRIT AIRLINES INC
BCC,BOISE CASCADE
FWRD,FORWARD AIR CORP
RRC,RANGE RESOURCES CORP
WABC,WESTAMERICA BANCORPORATION
PRGS,PROGRESS SOFTWARE CORP
YELP,YELP INC
ATRC,ATRICURE INC
UCBI,UNITED COMMUNITY BANKS INC
AVYA,AVAYA HOLDINGS CORP
RUSHA,RUSH ENTERPRISES INC CLASS A
ALTR,ALTAIR ENGINEERING INC CLASS A
AMWD,AMERICAN WOODMARK CORP
NWN,NORTHWEST NATURAL HOLDING COMPANY
IRWD,IRONWOOD PHARMA INC CLASS A
SATS,ECHOSTAR CORP CLASS A
GTN,GRAY TELEVISION INC
MLHR,HERMAN MILLER INC
MSGE,MADISON SQUARE GARDEN ENTERTAINMEN
BBBY,BED BATH AND BEYOND INC
HTH,HILLTOP HOLDINGS INC
RVNC,REVANCE THERAPEUTICS INC
VCYT,VERACYTE INC
VIR,VIR BIOTECHNOLOGY INC
MNR,MONMOUTH REAL ESTATE INVESTMENT RE
AIMT,AIMMUNE THERAPEUTICS INC
TWNK,HOSTESS BRANDS INC CLASS A
AVNS,AVANOS MEDICAL INC
FIBK,FIRST INTERSTATE BANCSYSTEM INC CL
VRTU,VIRTUSA CORP
MD,MEDNAX INC
OTTR,OTTER TAIL CORP
BLMN,BLOOMIN BRANDS INC
ATSG,AIR TRANSPORT SERVICES GROUP INC
VICR,VICOR CORP
MAXR,MAXAR TECHNOLOGIES INC
SWN,SOUTHWESTERN ENERGY
OPK,OPKO HEALTH INC
JELD,JELD WEN HOLDING INC
TWO,TWO HARBORS INVESTMENT REIT CORP
BILL,BILL COM HOLDINGS INC
WSBC,WESBANCO INC
LGND,LIGAND PHARMACEUTICALS INC
OSIS,OSI SYSTEMS INC
FFBC,FIRST FINANCIAL BANCORP
MTSI,MACOM TECHNOLOGY SOLUTIONS INC
SNDR,SCHNEIDER NATIONAL INC CLASS B
MGRC,MCGRATH RENT
VRRM,VERRA MOBILITY CORP CLASS A
TRMK,TRUSTMARK CORP
KOD,KODIAK SCIENCES INC
AVAV,AEROVIRONMENT INC
CDNA,CAREDX INC
SRNE,SORRENTO THERAPEUTICS INC
AAWW,ATLAS AIR WORLDWIDE HOLDINGS INC
ABCB,AMERIS BANCORP
SVC,SERVICE PROPERTIES TRUST
THRM,GENTHERM INC
UPWK,UPWORK INC
RNST,RENASANT CORP
ARI,APOLLO COMMERCIAL REAL ESTATE FINA
SBGI,SINCLAIR BROADCAST GROUP INC CLASS
HMN,HORACE MANN EDUCATORS CORP
ZGNX,ZOGENIX INC
ILPT,INDUSTRIAL LOGISTICS PROPERTIES TR
BEAT,BIOTELEMETRY INC
LTC,LTC PROPERTIES REIT INC
CUB,CUBIC CORP
CWK,CUSHMAN AND WAKEFIELD PLC
CXP,COLUMBIA PROPERTY REIT INC TRUST
ECPG,ENCORE CAPITAL GROUP INC
SBH,SALLY BEAUTY HOLDINGS INC
COKE,COCA COLA CONSOLIDATED INC
FMBI,FIRST MIDWEST BANCORP INC
SGMO,SANGAMO THERAPEUTICS INC
CORE,CORE MARK HOLDING INC
PJT,PJT PARTNERS INC CLASS A
CNS,COHEN & STEERS INC
SWCH,SWITCH INC CLASS A
GEO,GEO GROUP REIT INC
HLNE,HAMILTON LANE INC CLASS A
MNRO,MONRO INC
FLR,FLUOR CORP
CAKE,CHEESECAKE FACTORY INC
CFFN,CAPITOL FEDERAL FINANCIAL INC
FRME,FIRST MERCHANTS CORP
ONTO,ONTO INNOVATION INC
SC,SANTANDER CONSUMER USA HOLDINGS IN
RLGY,REALOGY HOLDINGS CORP
HRTX,HERON THERAPEUTICS INC
CNK,CINEMARK HOLDINGS INC
TEX,TEREX CORP
NTB,BANK OF NT BUTTERFIELD & SON LTD
JRVR,JAMES RIVER GROUP HOLDINGS LTD
LTHM,LIVENT CORP
CHX,CHAMPIONX CORP
AX,AXOS FINANCIAL INC
BRMK,BROADMARK REALTY CAPITAL INC
MGNX,MACROGENICS INC
MODN,MODEL N INC
RPAI,RETAIL PROPERTIES OF AMERICA REIT
UI,UBIQUITI INC
CPK,CHESAPEAKE UTILITIES CORP
FBP,FIRST BANCORP
CSII,CARDIOVASCULAR SYSTEMS INC
HNI,HNI CORP
BDC,BELDEN INC
SKY,SKYLINE CHAMPION CORP
EGOV,NIC INC
LRN,K12 INC
MSTR,MICROSTRATEGY INC CLASS A
PRFT,PERFICIENT INC
KAMN,KAMAN CORP
INFN,INFINERA CORP
NWBI,NORTHWEST BANCSHARES INC
CLNY,COLONY CAPITAL INC CLASS A
AXNX,AXONICS MODULATION TECHNOLOGIES IN
MFA,MFA FINANCIAL REIT INC
PDCE,PDC ENERGY INC
MHO,M I HOMES INC
VVNT,VIVINT SMART HOME INC CLASS A
PIPR,PIPER SANDLER COMPANIES
VGR,VECTOR GROUP LTD
AMKR,AMKOR TECHNOLOGY INC
KRTX,KARUNA THERAPEUTICS INC
BE,BLOOM ENERGY CLASS A CORP
EPAC,ENERPAC TOOL GROUP CORP CLASS A
SNBR,SLEEP NUMBER CORP
SMCI,SUPER MICRO COMPUTER INC
CLI,MACK-CALI REALTY REIT CORP
HLIO,HELIOS TECHNOLOGIES INC
EXPI,EXP WORLD HOLDINGS INC
ABR,ARBOR REALTY TRUST REIT INC
ADUS,ADDUS HOMECARE CORP
CALM,CAL MAINE FOODS INC
NBTB,NBT BANCORP INC
USPH,US PHYSICAL THERAPY INC
ICFI,ICF INTERNATIONAL INC
ECOL,US ECOLOGY INC
CSGS,CSG SYSTEMS INTERNATIONAL INC
CADE,CADENCE BANCORPORATION CLASS A
PRK,PARK NATIONAL CORP
KTB,KONTOOR BRANDS INC
MBUU,MALIBU BOATS CLASS A INC
KN,KNOWLES CORP
TUP,TUPPERWARE BRANDS CORP
MSEX,MIDDLESEX WATER
NMIH,NMI HOLDINGS INC CLASS A
KAI,KADANT INC
MCRB,SERES THERAPEUTICS INC
GOLF,ACUSHNET HOLDINGS CORP
WDR,WADDELL AND REED FINANCIAL INC CLA
SITC,SITE CENTERS CORP
ROIC,RETAIL OPPORTUNITY INVESTMENTS REI
PATK,PATRICK INDUSTRIES INC
XPER,XPERI HOLDING CORP
UE,URBAN EDGE PROPERTIES
RRR,RED ROCK RESORTS ORS CLASS A INC
AAT,AMERICAN ASSETS TRUST REIT INC
CYTK,CYTOKINETICS INC
LMNX,LUMINEX CORP
TRS,TRIMAS CORP
HCAT,HEALTH CATALYST INC
HTLF,HEARTLAND FINANCIAL USA INC
SAFE,SAFEHOLD INC
CBZ,CBIZ INC
DRH,DIAMONDROCK HOSPITALITY REIT
ASTE,ASTEC INDUSTRIES INC
HSC,HARSCO CORP
AMSF,AMERISAFE INC
FBC,FLAGSTAR BANCORP INC
CLR,CONTINENTAL RESOURCES INC
CHRS,COHERUS BIOSCIENCES INC
NYMT,NEW YORK MORTGAGE TRUST REIT INC
BANR,BANNER CORP
GCP,GCP APPLIED TECHNOLOGIES INC
ATKR,ATKORE INTERNATIONAL GROUP INC
VSTO,VISTA OUTDOOR INC
MCY,MERCURY GENERAL CORP
ODP,ODP CORP
IGT,INTERNATIONAL GAME TECHNOLOGY PLC
TTGT,TECHTARGET INC
ADT,ADT INC
SYKE,SYKES ENTERPRISES INC
SEAS,SEAWORLD ENTERTAINMENT INC
HOPE,HOPE BANCORP INC
SAH,SONIC AUTOMOTIVE INC CLASS A
ICPT,INTERCEPT PHARMACEUTICALS INC
TSE,TRINSEO
ARGO,ARGO GROUP INTERNATIONAL HOLDINGS
LNN,LINDSAY CORP
TOWN,TOWNEBANK
YMAB,Y MABS THERAPEUTICS INC
DRNA,DICERNA PHARMACEUTICALS INC
PRO,PROS HOLDINGS INC
GLNG,GOLAR LNG LTD
OPI,OFFICE PROPERTIES INCOME TRUST
MDGL,MADRIGAL PHARMACEUTICALS INC
STC,STEWART INFO SERVICES CORP
ATI,ALLEGHENY TECHNOLOGIES INC
TNC,TENNANT
NPO,ENPRO INDUSTRIES INC
PBI,PITNEY BOWES INC
IRT,INDEPENDENCE REALTY INC TRUST
UVV,UNIVERSAL CORP
XHR,XENIA HOTELS RESORTS REIT INC
MAC,MACERICH REIT
HCC,WARRIOR MET COAL INC
NNI,NELNET INC CLASS A
CWH,CAMPING WORLD HOLDINGS INC CLASS A
DLX,DELUXE CORP
CHCT,COMMUNITY HEALTHCARE TRUST INC
FOE,FERRO CORP
SUPN,SUPERNUS PHARMACEUTICALS INC
SPCE,VIRGIN GALACTIC HOLDINGS INC SHS C
DIN,DINE BRANDS GLOBAL INC
CXW,CORECIVIC REIT INC
PLUS,EPLUS
NTLA,INTELLIA THERAPEUTICS INC
USNA,USANA HEALTH SCIENCES INC
AKR,ACADIA REALTY TRUST REIT
CSWI,CSW INDUSTRIALS INC
EIG,EMPLOYERS HOLDINGS INC
PRSC,PROVIDENCE SERVICE CORP
TTMI,TTM TECHNOLOGIES INC
OTRK,ONTRAK INC
FIZZ,NATIONAL BEVERAGE CORP
CVGW,CALAVO GROWERS INC
DRQ,DRIL QUIP INC
PFS,PROVIDENT FINANCIAL SERVICES INC
EPZM,EPIZYME INC
PGTI,PGT INNOVATIONS INC
CCS,CENTURY COMMUNITIES INC
SAFT,SAFETY INSURANCE GROUP INC
CRS,CARPENTER TECHNOLOGY CORP
WBT,WELBILT INC
RYTM,RHYTHM PHARMACEUTICALS INC
ANF,ABERCROMBIE AND FITCH CLASS A
NTGR,NETGEAR INC
LKFN,LAKELAND FINANCIAL CORP
NXRT,NEXPOINT RESIDENTIAL TRUST INC
VBTX,VERITEX HOLDINGS INC
DOMO,DOMO INC CLASS B
TROX,TRONOX HOLDINGS PLC
CALX,CALIX NETWORKS INC
RGNX,REGENXBIO INC
COTY,COTY INC CLASS A
BSIG,BRIGHTSPHERE INVESTMENT GROUP INC
MEI,METHODE ELECTRONICS INC
GMS,GMS INC
EGBN,EAGLE BANCORP INC
ALG,ALAMO GROUP INC
MLAB,MESA LABORATORIES INC
RGR,STURM RUGER INC
GSHD,GOOSEHEAD INSURANCE INC CLASS A
KALU,KAISER ALUMINIUM CORP
AMCX,AMC NETWORKS CLASS A INC
MTRN,MATERION CORP
LILAK,LIBERTY LATIN AMERICA LTD CLASS C
HRI,HERC HOLDINGS INC
SCS,STEELCASE INC CLASS A
WHD,CACTUS INC CLASS A
TTEC,TTEC HOLDINGS INC
PPC,PILGRIMS PRIDE CORP
WIRE,ENCORE WIRE CORP
SYBT,STOCK YARDS BANCORP INC
CNA,CNA FINANCIAL CORP
SONO,SONOS INC
GLUU,GLU MOBILE INC
GTY,GETTY REALTY REIT CORP
BOOT,BOOT BARN HOLDINGS INC
SWBI,SMITH WESSON BRANDS INC
PACB,PACIFIC BIOSCIENCES OF CALIFORNIA
CVA,COVANTA HOLDING CORP
FRO,FRONTLINE LTD
SMP,STANDARD MOTOR PRODUCTS INC
SBCF,SEACOAST BANKING OF FLORIDA
LNTH,LANTHEUS HOLDINGS INC
SWTX,SPRINGWORKS THERAPEUTICS INC
TBPH,THERAVANCE BIOPHARMA INC
MIK,MICHAELS COMPANIES INC
OMI,OWENS & MINOR INC
DHC,DIVERSIFIED HEALTHCARE TRUST
MRTN,MARTEN TRANSPORT LTD
MYGN,MYRIAD GENETICS INC
CERS,CERUS CORP
HIBB,HIBBETT SPORTS INC
FARO,FARO TECHNOLOGIES INC
PRDO,PERDOCEO EDUCATION CORP
ESRT,EMPIRE STATE REALTY REIT INC TRUST
WW,WW INTERNATIONAL INC
ATRA,ATARA BIOTHERAPEUTICS INC
CHCO,CITY HOLDING
EVOP,EVO PAYMENTS INC CLASS A
LGFB,LIONS GATE ENTERTAINMENT NON VOTIN
SIG,SIGNET JEWELERS LTD
VRTS,VIRTUS INVESTMENT PARTNERS INC
BUSE,FIRST BUSEY CORP
RTRX,RETROPHIN INC
MTDR,MATADOR RESOURCES
GBX,GREENBRIER INC
KRG,KITE REALTY GROUP TRUST REIT
SASR,SANDY SPRING BANCORP INC
DK,DELEK US HOLDINGS INC
RWT,REDWOOD TRUST REIT INC
VCEL,VERICEL CORP
STBA,S AND T BANCORP INC
GVA,GRANITE CONSTRUCTION INC
PRA,PROASSURANCE CORP
ESPR,ESPERION THERAPEUTICS INC
AGEN,AGENUS INC
OEC,ORION ENGINEERED CARBONS SA
SSTK,SHUTTERSTOCK INC
MRSN,MERSANA THERAPEUTICS INC
HTLD,HEARTLAND EXPRESS INC
AXL,AMERICAN AXLE AND MANUFACTURING HO
PNTG,PENNANT GROUP INC
UNFI,UNITED NATURAL FOODS INC
CMCO,COLUMBUS MCKINNON CORP
LASR,NLIGHT INC
RCKT,ROCKET PHARMACEUTICALS INC
ADVM,ADVERUM BIOTECHNOLOGIES INC
GEF,GREIF INC CLASS A
LENB,LENNAR CORP CLASS B
CCF,CHASE CORP
REAL,THE REALREAL INC
SBSI,SOUTHSIDE BANCSHARES INC
AZZ,AZZ INC
ENTA,ENANTA PHARMACEUTICALS INC
OCFC,OCEANFIRST FINANCIAL CORP
HURN,HURON CONSULTING GROUP INC
RPAY,REPAY HOLDINGS CORP CLASS A
KPTI,KARYOPHARM THERAPEUTICS INC
ARCH,ARCH RESOURCES INC CLASS A
GFF,GRIFFON CORP
IMGN,IMMUNOGEN INC
SWM,SCHWEITZER MAUDUIT INTERNATIONAL I
FCF,FIRST COMMONWEALTH FINANCIAL CORP
ATRI,ATRION CORP
TFSL,TFS FINANCIAL CORP
ALEX,ALEXANDER & BALDWIN INC
EVH,EVOLENT HEALTH INC CLASS A
GNMK,GENMARK DIAGNOSTICS INC
PHR,PHREESIA INC
CATM,CARDTRONICS PLC CLASS A
NBHC,NATIONAL BANK HOLDINGS CORP CLASS
FOCS,FOCUS FINANCIAL PARTNERS INC CLASS
FWONA,LIBERTY MEDIA FORMULA ONE CORP SER
BHE,BENCHMARK ELECTRONICS INC
PBF,PBF ENERGY INC CLASS A
BJRI,BJS RESTAURANTS INC
OFG,OFG BANCORP
RAVN,RAVEN INDUSTRIES INC
OXM,OXFORD INDUSTRIES INC
NHC,NATIONAL HEALTHCARE CORP
TMP,TOMPKINS FINANCIAL CORP
INVA,INNOVIVA INC
ZUO,ZUORA INC CLASS A
UHT,UNIVERSAL HEALTH REALTY INCOME TRU
CEVA,CEVA INC
SPWR,SUNPOWER CORP
TBK,TRIUMPH BANCORP INC
BRKL,BROOKLINE BANCORP INC
BPYU,BROOKFIELD PROPERTY REIT INC CLASS
IRET,INVESTORS REAL ESTATE TRUST REIT
SPNS,SAPIENS INTERNATIONAL NV
SWI,SOLARWINDS CORP
UPLD,UPLAND SOFTWARE INC
LADR,LADDER CAPITAL CORP CLASS A
INSG,INSEEGO CORP
TPIC,TPI COMPOSITES INC
FDP,FRESH DEL MONTE PRODUCE INC
BGCP,BGC PARTNERS INC CLASS A
EB,EVENTBRITE CLASS A INC
BANF,BANCFIRST CORP
VCRA,VOCERA COMMUNICATIONS INC
SDGR,SCHRODINGER INC
FBK,FB FINANCIAL CORP
GWB,GREAT WESTERN BANCORP INC
HFWA,HERITAGE FINANCIAL CORP
PING,PING IDENTITY HOLDING CORP
PLOW,DOUGLAS DYNAMICS INC
BRBR,BELLRING BRANDS INC CLASS A
PRIM,PRIMORIS SERVICES CORP
KDMN,KADMON INC
IPAR,INTER PARFUMS INC
AMPH,AMPHASTAR PHARMACEUTICALS INC
TGH,TEXTAINER GROUP HOLDINGS LTD
AR,ANTERO RESOURCES CORP
AROC,ARCHROCK INC
HA,HAWAIIAN HOLDINGS INC
SEB,SEABOARD CORP
SFL,SFL LTD
DENN,DENNYS CORP
NRC,NATIONAL RESEARCH CORP
STAR,ISTAR REIT INC
IMAX,IMAX CORP
AFIN,AMERICAN FIN INC TRUST CLASS A
IMVT,IMMUNOVANT INC
ARCB,ARCBEST CORP
HZO,MARINEMAX INC
TRHC,TABULA RASA HEALTHCARE INC
PGNY,PROGYNY INC
HOME,AT HOME GROUP INC
CBB,CINCINNATI BELL INC
CELH,CELSIUS HOLDINGS INC
SGRY,SURGERY PARTNERS INC
PSNL,PERSONALIS INC
TCBK,TRICO BANCSHARES
NP,NEENAH INC
TBIO,TRANSLATE BIO INC
HSKA,HESKA CORP
CWENA,CLEARWAY ENERGY INC CLASS A
VIE,VIELA BIO INC
ANDE,ANDERSONS INC
COHU,COHU INC
GES,GUESS INC
ATNX,ATHENEX INC
GABC,GERMAN AMERICAN BANCORP INC
CNDT,CONDUENT INC
SLP,SIMULATIONS PLUS INC
WNC,WABASH NATIONAL CORP
MATW,MATTHEWS INTERNATIONAL CORP CLASS
KRNY,KEARNY FINANCIAL TEST CORP
DDD,3D SYSTEMS CORP
BCRX,BIOCRYST PHARMACEUTICALS INC
NOVA,SUNNOVA ENERGY INTERNATIONAL INC
NMRK,NEWMARK GROUP INC CLASS A
SNEX,STONEX GROUP INC
PSN,PARSONS CORP
JOE,ST JOE
PLAY,DAVE AND BUSTERS ENTERTAINMENT INC
OSUR,ORASURE TECHNOLOGIES INC
UCTT,ULTRA CLEAN HOLDINGS INC
QNST,QUINSTREET INC
SXI,STANDEX INTERNATIONAL CORP
RCUS,ARCUS BIOSCIENCES INC
GOOD,GLADSTONE COMMERCIAL REIT CORP
PTEN,PATTERSON UTI ENERGY INC
NXGN,NEXTGEN HEALTHCARE INC
AIR,AAR CORP
RAD,RITE AID CORP
SHYF,SHYFT GROUP INC
COLL,COLLEGIUM PHARMACEUTICAL INC
SPWH,SPORTSMANS WAREHOUSE HOLDINGS INC
EFSC,ENTERPRISE FINANCIAL SERVICES CORP
CRVL,CORVEL CORP
ENDP,ENDO INTERNATIONAL PLC
WRLD,WORLD ACCEPTANCE CORP
SIBN,SI BONE INC
ECHO,ECHO GLOBAL LOGISTICS INC
HNGR,HANGER INC
AGM,FEDERAL AGRICULTURAL MORTGAGE NON
CTS,CTS CORP
KNL,KNOLL INC
HMST,HOMESTREET INC
NCBS,NICOLET BANKSHARES INC
CLCT,COLLECTORS UNIVERSE INC
QTRX,QUANTERIX CORP
FFWM,FIRST FOUNDATION INC
EFC,ELLINGTON FINANCIAL INC
CRY,CRYOLIFE INC
GRPN,GROUPON INC
BATRK,LIBERTY MEDIA LIBERTY BRAVES CORP
ACCO,ACCO BRANDS CORP
KFRC,KFORCE INC
KELYA,KELLY SERVICES INC CLASS A
FBNC,FIRST BANCORP
CRMT,AMERICAS CAR-MART INC
TVTY,TIVITY HEALTH INC
INN,SUMMIT HOTEL PROPERTIES REIT INC
AGX,ARGAN INC
FREQ,FREQUENCY THERAPEUTICS INC
ENVA,ENOVA INTERNATIONAL INC
MCRI,MONARCH CASINO AND RESORT INC
ZUMZ,ZUMIEZ INC
CASH,META FINANCIAL GROUP INC
UIS,UNISYS CORP
IHRT,IHEARTMEDIA INC CLASS A
HEES,H AND E EQUIPMENT SERVICES INC
ARVN,ARVINAS INC
TCX,TUCOWS INC
OMER,OMEROS CORP
PETQ,PETIQ INC CLASS A
CKH,SEACOR HOLDINGS INC
IMKTA,INGLES MARKETS INC CLASS A
AGYS,AGILISYS INC
CRTX,CORTEXYME INC
TBI,TRUEBLUE INC
GME,GAMESTOP CORP CLASS A
AMRX,AMNEAL PHARMACEUTICALS INC CLASS A
DNOW,NOW INC
GOSS,GOSSAMER BIO INC
MMI,MARCUS & MILLICHAP INC
VBIV,VBI VACCINES INC
DBD,DIEBOLD NIXDORF INC
GMRE,GLOBAL MEDICAL REIT INC
GIII,G III APPAREL GROUP LTD
CDXS,CODEXIS INC
CARS,CARS.COM INC
NTUS,NATUS MEDICAL INC
MGY,MAGNOLIA OIL GAS CORP CLASS A
DHT,DHT HOLDINGS INC
NX,QUANEX BUILDING PRODUCTS CORP
TCMD,TACTILE SYSTEMS TECHNOLOGY INC
TPRE,THIRD POINT REINSURANCE LTD
PRVB,PROVENTION BIO INC
SSP,EW SCRIPPS CLASS A
CTT,CATCHMARK TIMBER TRUST INC CLASS A
ACLS,AXCELIS TECHNOLOGIES INC
PAE,PAE INC CLASS A
RIG,TRANSOCEAN LTD
RMAX,RE MAX HOLDINGS INC CLASS A
GRC,GORMAN-RUPP
PTGX,PROTAGONIST THERAPEUTICS INC
SCHL,SCHOLASTIC CORP
RDUS,RADIUS HEALTH INC
LL,LUMBER LIQUIDATORS HOLDINGS INC
CNOB,CONNECTONE BANCORP INC
LLNW,LIMELIGHT NETWORKS INC
PFC,PREMIER FINANCIAL CORP
QUOT,QUOTIENT TECHNOLOGY INC
ICHR,ICHOR HOLDINGS LTD
MDP,MEREDITH CORP
SPTN,SPARTANNASH
VIVO,MERIDIAN BIOSCIENCE INC
XENT,INTERSECT ENT INC
NAT,NORDIC AMERICAN TANKERS LTD
PLAB,PHOTRONICS INC
EVER,EVERQUOTE INC CLASS A
AHH,ARMADA HOFFLER PROPERTIES REIT INC
UVE,UNIVERSAL INSURANCE HOLDINGS INC
TBBK,BANCORP INC
AMBC,AMBAC FINANCIAL GROUP INC
BRP,BRP GROUP INC CLASS A
ATNI,ATN INTERNATIONAL INC
ALX,ALEXANDERS REIT INC
RLMD,RELMADA THERAPEUTICS INC
ACEL,ACCEL ENTERTAINMENT INC CLASS A
HONE,HARBORONE BANCORP INC
MGPI,MGP INGREDIENTS INC
QCRH,QCR HOLDINGS INC
LMAT,LEMAITRE VASCULAR INC
JBSS,JOHN B SANFILIPPO AND SON INC
SRDX,SURMODICS INC
ADTN,ADTRAN INC
ONEM,1LIFE HEALTHCARE INC
BKE,BUCKLE INC
STNG,SCORPIO TANKERS INC
GTHX,G1 THERAPEUTICS INC
GLT,GLATFELTER
CLBK,COLUMBIA FINANCIAL INC
RST,ROSETTA STONE INC
ARR,ARMOUR RESIDENTIAL REIT INC
ANIK,ANIKA THERAPEUTICS INC
FLWS,1-800 FLOWERS.COM INC CLASS A
OSPN,ONESPAN INC
BPFH,BOSTON PRIVATE FINANCIAL HOLDINGS
EBSB,MERIDIAN BANCORP INC
MOBL,MOBILEIRON INC
RDNT,RADNET INC
VNDA,VANDA PHARMACEUTICALS INC
ALEC,ALECTOR INC
YORW,YORK WATER
CLW,CLEARWATER PAPER CORP
AMRC,AMERESCO INC CLASS A
ARCT,ARCTURUS THERAPEUTICS HOLDINGS INC
ABTX,ALLEGIANCE BANCSHARES INC
MYE,MYERS INDUSTRIES INC
MGNI,MAGNITE INC
QADA,QAD INC CLASS A
CARA,CARA THERAPEUTICS INC
KRA,KRATON CORP
MBI,MBIA INC
LOB,LIVE OAK BANCSHARES INC
CNST,CONSTELLATION PHARMACEUTICALS INC
PETS,PETMED EXPRESS INC
CMO,CAPSTEAD MORTGAGE REIT CORP
TRST,TRUSTCO BANK CORP
PQG,PQ GROUP HOLDINGS INC
BKD,BROOKDALE SENIOR LIVING INC
AEGN,AEGION CORP CLASS A
CYH,COMMUNITY HEALTH SYSTEMS INC
HLIT,HARMONIC INC
APOG,APOGEE ENTERPRISES INC
NFBK,NORTHFIELD BANCORP INC
GPRE,GREEN PLAINS INC
HSTM,HEALTHSTREAM INC
IVR,INVESCO MORTGAGE CAPITAL REIT INC
UMH,UMH PROPERTIES REIT INC
BMRC,BANK OF MARIN BANCORP
LGFA,LIONS GATE ENTERTAINMENT VOTING CO
EBIX,EBIX INC
NVEE,NV5 GLOBAL INC
CVM,CEL SCI CORP
BANC,BANC OF CALIFORNIA INC
GLDD,GREAT LAKES DREDGE AND DOCK CORP
SRI,STONERIDGE INC
TRWH,TWIN RIVER WORLDWIDE HOLDINGS INC
CENX,CENTURY ALUMINUM
INSW,INTERNATIONAL SEAWAYS INC
TRTX,TPG RE FINANCE TRUST INC
ATEX,ANTERIX INC
AERI,AERIE PHARMACEUTICALS INC
GTES,GATES INDUSTRIAL PLC
ANAT,AMERICAN NATIONAL GROUP INC
UTL,UNITIL CORP
EIGI,ENDURANCE INTERNATIONAL GROUP HOLD
WIFI,BOINGO WIRELESS INC
SNDX,SYNDAX PHARMACEUTICALS INC
RESI,FRONT YARD RESIDENTIAL CORP
UEIC,UNIVERSAL ELECTRONICS INC
OFIX,ORTHOFIX MEDICAL INC
SRCE,1ST SOURCE CORP
SKT,TANGER FACTORY OUTLET CENTERS REIT
BMTC,BRYN MAWR BANK CORP
UFCS,UNITED FIRE GROUP INC
SCVL,SHOE CARNIVAL INC
CSTL,CASTLE BIOSCIENCES INC
WMK,WEIS MARKETS INC
EVRI,EVERI HOLDINGS INC
OCUL,OCULAR THERAPEUTIX INC
WETF,WISDOMTREE INVESTMENTS INC
FRG,FRANCHISE GROUP INC
PAR,PAR TECHNOLOGY CORP
BCOR,BLUCORA INC
INGN,INOGEN INC
VRS,VERSO CORP CLASS A
CHEF,CHEFS WAREHOUSE INC
FCEL,FUELCELL ENERGY INC
SRG,SERITAGE GROWTH PROPERTIES CLA
KIDS,ORTHOPEDIATRICS CORP
SCSC,SCANSOURCE INC
NGM,NGM BIOPHARMACEUTICALS INC
XPEL,XPEL INC
MYRG,MYR GROUP INC
CASS,CASS INFORMATION SYSTEMS INC
WSBF,WATERSTONE FINANCIAL INC
GOGO,GOGO INC
ZIOP,ZIOPHARM ONCOLOGY INC
SCHN,SCHNITZER STEEL INDUSTRIES INC CLA
JOUT,JOHNSON OUTDOORS INC CLASS A
FLDM,FLUIDIGM CORP
APEI,AMERICAN PUBLIC EDUCATION INC
TRC,TEJON RANCH
WTRE,WATFORD HOLDINGS LTD
PI,IMPINJ INC
FORR,FORRESTER RESEARCH INC
NWLI,NATIONAL WESTERN LIFE GROUP INC CL
CFB,CROSSFIRST BANKSHARES INC
TEN,TENNECO INC CLASS A
WASH,WASHINGTON TRUST BANCORP INC
VKTX,VIKING THERAPEUTICS INC
VECO,VEECO INSTRUMENTS INC
MRC,MRC GLOBAL INC
TGI,TRIUMPH GROUP INC
LBAI,LAKELAND BANCORP INC
BZH,BEAZER HOMES INC
USCR,U S CONCRETE INC
GCO,GENESCO INC
EGRX,EAGLE PHARMACEUTICALS INC
MEIP,MEI PHARMA INC
RMR,RMR GROUP INC CLASS A
GPRO,GOPRO INC CLASS A
TPC,TUTOR PERINI CORP
LOCO,EL POLLO LOCO INC
FFG,FBL FINANCIAL GROUP INC CLASS A
NLS,NAUTILUS INC
KREF,KKR REAL ESTATE FINANCE INC TRUST
CLNC,COLONY CREDIT REAL ESTATE INC CLAS
ARLO,ARLO TECHNOLOGIES INC
BTAI,BIOXCEL THERAPEUTICS INC
SYRS,SYROS PHARMACEUTICALS INC
PDFS,PDF SOLUTIONS INC
CIR,CIRCOR INTERNATIONAL INC
PFBC,PREFERRED BANK
OPCH,OPTION CARE HEALTH INC
PLCE,CHILDRENS PLACE INC
TR,TOOTSIE ROLL INDUSTRIES INC
BHLB,BERKSHIRE HILLS BANCORP INC
DDS,DILLARDS INC CLASS A
CRNX,CRINETICS PHARMACEUTICALS INC
GTS,TRIPLE S MANAGEMENT CORP CLASS B
VHC,VIRNETX HOLDING CORP
VAPO,VAPOTHERM INC
EIDX,EIDOS THERAPEUTICS INC
KOP,KOPPERS HOLDINGS INC
CAC,CAMDEN NATIONAL CORP
CTBI,COMMUNITY TRUST BANCORP INC
CMTL,COMTECH TELECOMMUNICATIONS CORP
CLNE,CLEAN ENERGY FUELS CORP
PRTA,PROTHENA PLC
BOOM,DMC GLOBAL INC
FSP,FRANKLIN STREET PROPERTIES REIT CO
VXRT,VAXART INC
HLX,HELIX ENERGY SOLUTIONS GROUP INC
EBF,ENNIS INC
DBI,DESIGNER BRANDS INC CLASS A
PRPL,PURPLE INNOVATION INC
GRWG,GROWGENERATION CORP
MTSC,MTS SYSTEMS CORP
STOK,STOKE THERAPEUTICS INC
CPF,CENTRAL PACIFIC FINANCIAL CORP
PEBO,PEOPLES BANCORP INC
TRUE,TRUECAR INC
USM,UNITED STATES CELLULAR CORP
PACK,RANPAK HOLDINGS CORP CLASS A
VVI,VIAD CORP
BEAM,BEAM THERAPEUTICS INC
HBNC,HORIZON BNCP IND
AMSC,AMERICAN SUPERCONDUCTOR CORP
AKRO,AKERO THERAPEUTICS INC
DFIN,DONNELLEY FINANCIAL SOLUTIONS INC
EAF,GRAFTECH INTERNATIONAL LTD
HTBK,HERITAGE COMMERCE CORP
EXTR,EXTREME NETWORKS INC
UVSP,UNIVEST FINANCIAL CORP
PFNX,PFENEX INC
SPPI,SPECTRUM PHARMACEUTICALS INC
ARDX,ARDELYX INC
RPT,RPT REALTY
RIGL,RIGEL PHARMACEUTICALS INC
VREX,VAREX IMAGING CORP
ANAB,ANAPTYSBIO INC
FBMS,FIRST BANCSHARES INC
RILY,B RILEY FINANCIAL INC
RC,READY CAPITAL CORP
URGN,UROGEN PHARMA LTD
BCLI,BRAINSTORM CELL THERAPEUTICS INC
HWKN,HAWKINS INC
CNSL,CONSOLIDATED COMMUNICATIONS HOLDIN
CVI,CVR ENERGY INC
KRYS,KRYSTAL BIOTECH INC
RVMD,REVOLUTION MEDICINES INC
BSTC,BIOSPECIFICS TECHNOLOGIES CORP
PGEN,PRECIGEN INC
SP,SP PLUS CORP
HCI,HCI GROUP INC
PLT,PLANTRONICS INC
OOMA,OOMA INC
RAPT,RAPT THERAPEUTICS INC
ATRS,ANTARES PHARMA INC
ASMB,ASSEMBLY BIOSCIENCES INC
CAL,CALERES INC
JCAP,JERNIGAN CAPITAL INC
VEC,VECTRUS INC
COWN,COWEN INC CLASS A
CRAI,CRA INTERNATIONAL INC
FF,FUTUREFUEL CORP
ATEN,A10 NETWORKS INC
REPL,REPLIMUNE GROUP INC
MTEM,MOLECULAR TEMPLATES INC
CENT,CENTRAL GARDEN AND PET
PHAT,PHATHOM PHARMACEUTICALS INC
BDTX,BLACK DIAMOND THERAPEUTICS INC
BCEI,BONANZA CREEK ENERGY INC
NLTX,NEOLEUKIN THERAPEUTICS INC
CIO,CITY OFFICE REIT INC
REX,REX AMERICAN RESOURCES CORP
LBRT,LIBERTY OILFIELD SERVICES INC CLAS
DCOM,DIME COMMUNITY BANCSHARES INC
CBAY,CYMABAY THERAPEUTICS INC
GPMT,GRANITE POINT MORTGAGE TRUST INC
MORF,MORPHIC HOLDING INC
TILE,INTERFACE INC
HVT,HAVERTY FURNITURE COMPANIES INC
CLDT,CHATHAM LODGING TRUST REIT
CMRE,COSTAMARE INC
OPRX,OPTIMIZERX CORP
NPK,NATIONAL PRESTO INDUSTRIES INC
LILA,LIBERTY LATIN AMERICA LTD CLASS A
XBIT,XBIOTECH INC
AFMD,AFFIMED NV
PUMP,PROPETRO HOLDING CORP
HSII,HEIDRICK AND STRUGGLES INTERNATION
GSBC,GREAT SOUTHERN BANCORP INC
OBNK,ORIGIN BANCORP INC
ATHX,ATHERSYS INC
KOS,KOSMOS ENERGY LTD
OII,OCEANEERING INTERNATIONAL INC
GERN,GERON CORP
FLIC,FIRST OF LONG ISLAND CORP
CLVS,CLOVIS ONCOLOGY INC
ACBI,ATLANTIC CAPITAL BANCSHARES INC
SI,SILVERGATE CAPITAL CORP
SIGA,SIGA TECHNOLOGIES INC
HY,HYSTER YALE MATERIALS HANDLING INC
AVD,AMER VANGUARD CORP
ELF,ELF BEAUTY INC
LXFR,LUXFER HOLDINGS PLC
THR,THERMON GROUP HOLDINGS INC
MITK,MITEK SYSTEMS INC
TG,TREDEGAR CORP
ASIX,ADVANSIX INC
WINA,WINMARK CORP
BFC,BANK FIRST CORP
DGII,DIGI INTERNATIONAL INC
MBWM,MERCANTILE BANK CORP
AKBA,AKEBIA THERAPEUTICS INC
CNXN,PC CONNECTION INC
RUTH,RUTHS HOSPITALITY GROUP INC
DCO,DUCOMMUN INC
CAI,CAI INTERNATIONAL INC
TCRR,TCR2 THERAPEUTICS INC
ANGO,ANGIODYNAMICS INC
LFVN,LIFEVANTAGE CORP
MCS,THE MARCUS CORP
PAHC,PHIBRO ANIMAL HEALTH CORP CLASS A
DVAX,DYNAVAX TECHNOLOGIES CORP
ROAD,CONSTRUCTION PARTNERS INC CLASS A
DXPE,DXP ENTERPRISES INC
ORC,ORCHID ISLAND CAPITAL INC
ALBO,ALBIREO PHARMA INC
MPAA,MOTORCAR PARTS OF AMERICA INC
DRRX,DURECT CORP
MSGN,MSG NETWORKS INC CLASS A
LAND,GLADSTONE LAND REIT CORP
ALTA,ALTABANCORP
IMXI,INTERNATIONAL MONEY EXPRESS INC
ALRS,ALERUS FINANCIAL CORP
FLXN,FLEXION THERAPEUTICS INC
SITM,SITIME CORP
ASPU,ASPEN GROUP INC
BBSI,BARRETT BUSINESS SERVICES INC
THFF,FIRST FINANCIAL CORPORATION INDIAN
ATEC,ALPHATEC HOLDNGS INC
MSBI,MIDLAND STATES BANCORP INC
ZYXI,ZYNEX INC
SPT,SPROUT SOCIAL INC CLASS A
CNR,CORNERSTONE BUILDING BRANDS INC
BDSI,BIODELIVERY SCIENCES INTERNATIONAL
OSW,ONESPAWORLD HOLDINGS LTD
OFLX,OMEGA FLEX INC
STRL,STERLING CONSTRUCTION INC
TACO,DEL TACO RESTAURANTS INC
KBAL,KIMBALL INTERNATIONAL INC CLASS B
CTRN,CITI TRENDS INC
BHB,BAR HARBOR BANKSHARES
CDMO,AVID BIOSERVICES INC
AMSWA,AMERICAN SOFTWARE INC CLASS A
CYBE,CYBEROPTICS CORP
FOR,FORESTAR GROUP INC
MCFT,MASTERCRAFT BOAT HOLDINGS INC
FFIC,FLUSHING FINANCIAL CORP
QTNT,QUOTIENT LTD
IIIV,I3 VERTICALS INC CLASS A
UBA,URSTADT BIDDLE PROPERTIES REIT INC
DHIL,DIAMOND HILL INVESTMENT GROUP INC
AXGN,AXOGEN INC
CODX,CO DIAGNOSTICS INC
BY,BYLINE BANCORP INC
AMK,ASSETMARK FINANCIAL HOLDINGS INC
BLX,BANCO LATINOAMERICANO DE COMERCIO
CDXC,CHROMADEX CORP
CHUY,CHUYS HOLDINGS INC
BDGE,BRIDGE BANCORP INC
FLGT,FULGENT GENETICS INC
FMBH,FIRST MID BANCSHARES INC
MNRL,BRIGHAM MINERALS INC CLASS A
SNR,NEW SENIOR INVESTMENT GROUP INC
CSV,CARRIAGE SERVICES INC
LIND,LINDBLAD EXPEDITIONS HOLDINGS INC
SXC,SUNCOKE ENERGY INC
AKTS,AKOUSTIS TECHNOLOGIES INC
FCAP,FIRST CAPITAL INC
BNFT,BENEFITFOCUS INC
FIXX,HOMOLOGY MEDICINES INC
CUBI,CUSTOMERS BANCORP INC
AVRO,AVROBIO INC
NSSC,NAPCO SECURITY TECHNOLOGIES INC
IGMS,IGM BIOSCIENCES INC
SENEA,SENECA FOODS CORP CLASS A
ZNTL,ZENTALIS PHARMACEUTICALS INC
KROS,KEROS THERAPEUTICS INC
EGAN,EGAIN CORP
PARR,PAR PACIFIC HOLDINGS INC
AROW,ARROW FINANCIAL CORP
FRTA,FORTERRA INC
ETH,ETHAN ALLEN INC
ZIXI,ZIX CORP
HEAR,TURTLE BEACH CORP
MLR,MILLER INDUSTRIES INC
TSC,TRISTATE CAPITAL HOLDINGS INC
FCBC,FIRST COMMUNITY BANKSHARES INC
CPRX,CATALYST PHARMACEUTICALS INC
BFS,SAUL CENTERS REIT INC
AMAG,AMAG PHARMACEUTICALS INC
WVE,WAVE LIFE SCIENCES LTD
HCCI,HERITAGE CRYSTAL INC
LC,LENDINGCLUB CORP
CETV,CENTRAL EUROPEAN MEDIA ENTERPRISES
VMD,VIEMED HEALTHCARE INC
HTBI,HOMETRUST BANCSHARES INC
CBTX,CBTX INC
PGC,PEAPACK GLADSTONE FINANCIAL CORP
TRNS,TRANSCAT INC
JYNT,JOINT CORP
FRGI,FIESTA RESTAURANT GROUP INC
HUD,HUDSON LTD CLASS A
SRRK,SCHOLAR ROCK HOLDING CORP
BV,BRIGHTVIEW HOLDINGS INC
PBYI,PUMA BIOTECHNOLOGY INC
IBCP,INDEPENDENT BANK CORP
FOSL,FOSSIL GROUP INC
RBCAA,REPUBLIC BANCORP INC CLASS A
PCYO,PURE CYCLE CORP
CUE,CUE BIOPHARMA INC
AVXL,ANAVEX LIFE SCIENCES CORP
ARQT,ARCUTIS BIOTHERAPEUTICS INC
WTTR,SELECT ENERGY SERVICES INC CLASS A
MTW,MANITOWOC INC
AMC,AMC ENTERTAINMENT HOLDINGS INC CLA
ANIP,ANI PHARMACEUTICALS INC
IIIN,INSTEEL INDUSTRIES INC
IHC,INDEPENDENCE HOLDING
DSPG,DSP GROUP INC
EROS,EROS INTERNATIONAL PLC CLASS A
LOVE,LOVESAC COMPANY
CUTR,CUTERA INC
ERII,ENERGY RECOVERY INC
CBMG,CELLULAR BIOMEDICINE GROUP INC
TAST,CARROLS RESTAURANT GROUP INC
RGP,RESOURCES CONNECTION INC
KE,KIMBALL ELECTRONICS INC
SLCA,US SILICA HOLDINGS INC
PDLI,PDL BIOPHARMA INC
EIGR,EIGER BIOPHARMACEUTICALS INC
LMNR,LIMONEIRA
SPNE,SEASPINE HOLDINGS CORP
TXMD,THERAPEUTICSMD INC
CPSI,COMPUTER PROGRAMS AND SYSTEMS INC
RRBI,RED RIVER BANCSHARES INC
ARD,ARDAGH GROUP SA CLASS A
FMNB,FARMERS NATIONAL BANC CORP
HCKT,HACKETT GROUP INC
TCDA,TRICIDA INC
REVG,REV GROUP INC
MOD,MODINE MANUFACTURING
KALA,KALA PHARMACEUTICALS INC
LDL,LYDALL INC
CALA,CALITHERA BIOSCIENCES INC
CPS,COOPER STANDARD HOLDINGS INC
RUSHB,RUSH ENTERPRISES INC CLASS B
APRE,APREA THERAPEUTICS INC
HRTG,HERITAGE INSURANCE HOLDINGS INC
CCRN,CROSS COUNTRY HEALTHCARE INC
CTMX,CYTOMX THERAPEUTICS INC
NEX,NEXTIER OILFIELD SOLUTIONS INC
AKCA,AKCEA THERAPEUTICS INC
MBIN,MERCHANTS BANCORP REPRESENTIN
MOFG,MIDWESTONE FINANCIAL GROUP INC
OVID,OVID THERAPEUTICS INC
VPG,VISHAY PRECISION GROUP INC
ACRE,ARES COMMERCIAL REAL ESTATE REIT C
ECOM,CHANNELADVISOR CORP
HAFC,HANMI FINANCIAL CORP
DX,DYNEX CAPITAL REIT INC
ORBC,ORBCOMM INC
NNBR,NN INC
INS,INTELLIGENT SYSTEMS CORP
HOFT,HOOKER FURNITURE CORP
GDEN,GOLDEN ENTERTAINMENT INC
CCB,COASTAL FINANCIAL CORP
CAMP,CALAMP CORP
PRVL,PREVAIL THERAPEUTICS INC
BRT,BRT APARTMENTS CORP
LORL,LORAL SPACE AND COMMUNICATIONS INC
RCKY,ROCKY BRANDS INC
NWPX,NORTHWEST PIPE
APYX,APYX MEDICAL CORP
GSKY,GREENSKY INC CLASS A
MNKD,MANNKIND CORP
BCOV,BRIGHTCOVE INC
HFFG,HF FOODS GROUP INC
IESC,IES INC
ARTNA,ARTESIAN RESOURCES CORP CLASS A
UTMD,UTAH MEDICAL PRODUCTS INC
CMCT,CIM COMMERICAL TRUST CORP
TLYS,TILLYS INC CLASS A
MCBS,METROCITY BANKSHARES INC
KRO,KRONOS WORLDWIDE INC
WLDN,WILLDAN GROUP INC
MVBF,MONONGAHELA POWER CORP
TPCO,TRIBUNE PUBLISHING
RMBI,RICHMOND MUTUAL BANCORPORATION INC
UFPT,UFP TECHNOLOGIES INC
GTT,GTT COMMUNICATIONS INC
OSBC,OLD SECOND BANCORP INC
FRPH,FRP HOLDINGS INC
NCMI,NATIONAL CINEMEDIA INC
CSTR,CAPSTAR FINANCIAL HOLDINGS INC
WTBA,WEST BANCORPORATION INC
HIFS,HINGHAM INSTITUTION FOR SAVINGS
SYX,SYSTEMAX INC
AMOT,ALLIED MOTION TECHNOLOGIES INC
PFIS,PEOPLES FINANCIAL SERVICES CORP
HMTV,HEMISPHERE MEDIA GROUP INC CLASS A
BTU,PEABODY ENERGY CORP
CSTE,CAESARSTONE LTD
CPLG,COREPOINT LODGING INC
FDBC,FIDELITY D AND D BANCORP INC
NESR,NATIONAL ENERGY SERVICES REUNITED
APTS,PREFERRED APARTMENT COMMUNITIES RE
EQBK,EQUITY BANCSHARES INC CLASS A
EZPW,EZCORP NON VOTING INC CLASS A
NK,NANTKWEST INC
GRBK,GREEN BRICK PARTNERS INC
FI,FRANK S INTERNATIONAL NV
PCSB,PCSB FINANCIAL CORP
SGH,SMART GLOBAL HOLDINGS INC
GEFB,GREIF INC CLASS B
NBR,NABORS INDUSTRIES LTD
VSTM,VERASTEM INC
AVID,AVID TECHNOLOGY INC
SPRO,SPERO THERAPEUTICS INC
TDW,TIDEWATER INC
VYGR,VOYAGER THERAPEUTICS INC
SPFI,SOUTH PLAINS FINANCIAL INC
LPG,DORIAN LPG LTD
NWFL,NORWOOD FINANCIAL CORP
LNDC,LANDEC CORP
GALT,GALECTIN THERAPEUTICS INC
AXDX,ACCELERATE DIAGNOSTICS INC
PRTS,CARPARTS COM INC
PASG,PASSAGE BIO INC
FC,FRANKLIN COVEY
CTSO,CYTOSORBENTS CORP
CATO,CATO CORP CLASS A
VRAY,VIEWRAY INC
OPY,OPPENHEIMER HOLDINGS NON VOTING IN
RGCO,RGC RESOURCES INC
SONA,SOUTHERN NATIONAL BANCORP OF VIRGI
MMAC,MMA CAPITAL HOLDINGS INC
AMTB,AMERANT BANCORP INC CLASS A
WNEB,WESTERN NEW ENGLAND BANCORP INC
GNTY,GUARANTY BANCSHARES INC
TBNK,TERRITORIAL BANCORP INC
HT,HERSHA HOSPITALITY REIT TRUST CLAS
PKE,PARK AEROSPACE CORP
CLFD,CLEARFIELD INC
CONN,CONNS INC
RYAM,RAYONIER ADVANCED MATERIALS INC
SSTI,SHOTSPOTTER INC
NODK,NI HOLDINGS INC
CRDA,CRAWFORD CLASS A
RICK,RCI HOSPITALITY HOLDINGS INC
LAWS,LAWSON PRODUCTS INC
BOMN,BOSTON OMAHA CORP CLASS A
AJX,GREAT AJAX CORP
FISI,FINANCIAL INSTITUTIONS INC
HMHC,HOUGHTON MIFFLIN HARCOURT
BRY,BERRY
CHMA,CHIASMA INC
HBT,HBT FINANCIAL INC
TITN,TITAN MACHINERY INC
OLP,ONE LIBERTY PROPERTIES REIT INC
ATRO,ASTRONICS CORP
BWB,BRIDGEWATER BANCSHARES INC
FRAF,FRANKLIN FINANCIAL SERVICES CORP
FPI,FARMLAND PARTNERS INC
SOI,SOLARIS OILFIELD INFRASTRUCTURE IN
MGTX,MEIRAGTX HOLDINGS PLC
RBBN,RIBBON COMMUNICATIONS INC
OPRT,OPORTUN FINANCIAL CORP
BBX,BBX CAPITAL CORP CLASS A
AT,ATLANTIC POWER CORP
GCI,GANNETT CO INC
IMMR,IMMERSION CORP
DSSI,DIAMOND S SHIPPING INC
WSR,WHITESTONE REIT
VSEC,VSE CORP
NVEC,NVE CORP
CWCO,CONSOLIDATED WATER LTD
CNBKA,CENTURY BANCORP INC CLASS A
AOSL,ALPHA AND OMEGA SEMICONDUCTOR LTD
HBB,HAMILTON BEACH BRANDS HOLDING COMP
CIA,CITIZENS INC CLASS A
STFC,STATE AUTO FINANCIAL CORP
CCBG,CAPITAL CITY BANK INC
TIPT,TIPTREE INC
POWL,POWELL INDUSTRIES INC
GHL,GREENHILL INC
SM,SM ENERGY
CDZI,CADIZ INC
LBC,LUTHER BURBANK CORP
DTIL,PRECISION BIOSCIENCES INC
OYST,OYSTER POINT PHARMA INC
HAYN,HAYNES INTERNATIONAL INC
FMAO,FARMERS AND MERCHANTS BANCORP INC
SCU,SCULPTOR CAPITAL MANAGEMENT INC CL
KALV,KALVISTA PHARMACEUTICALS INC
UEC,URANIUM ENERGY CORP
PICO,PICO HOLDINGS INC
FSBW,FS BANCORP INC
IVC,INVACARE CORP
BLBD,BLUE BIRD CORP
OIS,OIL STATES INTERNATIONAL INC
CECE,CECO ENVIRONMENTAL CORP
RVI,RETAIL VALUE INC
DHX,DHI GROUP INC
CATC,CAMBRIDGE BANCORP
AAOI,APPLIED OPTOELECTRONICS INC
DJCO,DAILY JOURNAL CORP
BSGM,BIOSIG TECHNOLOGIES INC
MTRX,MATRIX SERVICE
BSRR,SIERRA BANCORP
TSBK,TIMBERLAND BANCORP INC
AOUT,AMERICAN OUTDOOR BRANDS INC
BATRA,LIBERTY MEDIA LIBERTY BRAVES CORP
WTRH,WAITR HOLDINGS INC
VRTV,VERITIV CORP
MFNC,MACKINAC FINANCIAL CORP
FBM,FOUNDATION BUILDING MATERIALS INC
XERS,XERIS PHARMACEUTICALS INC
LE,LAND END INC
IDT,IDT CORP CLASS B
UNTY,UNITY BANCORP INC
ORIC,ORIC PHARMACEUTICALS INC
SPOK,SPOK HOLDINGS INC
AGLE,AEGLEA BIOTHERAPEUTICS INC
EBTC,ENTERPRISE BANCORP INC
BYSI,BEYONDSPRING INC
ETM,ENTERCOM COMMUNICATIONS CORP CLASS
ASC,ARDMORE SHIPPING CORP
EML,EASTERN
RM,REGIONAL MANAGEMENT CORP
ITIC,INVESTORS TITLE
AXTI,AXT INC
NRIM,NORTHRIM BANCORP INC
RFL,RAFAEL HOLDINGS INC CLASS B
MOV,MOVADO GROUP INC
GORO,GOLD RESOURCE CORP
FSTR,LB FOSTER
FULC,FULCRUM THERAPEUTICS INC
PKBK,PARKE BANCORP INC
DMRC,DIGIMARC CORP
CZNC,CITIZENS AND NORTHERN CORP
AMAL,AMALGAMATED BANK CLASS A
ASPS,ALTISOURCE PORTFOLIO SOLUTIONS SA
KNSA,KINIKSA PHARMACEUTICALS LTD CLASS
MCB,METROPOLITAN BANK HOLDING CORP
MCBC,MACATAWA BANK CORP
CCNE,CNB FINANCIAL CORP
RRGB,RED ROBIN GOURMET BURGERS INC
GLRE,GREENLIGHT CAPITAL LTD CLASS A
TPB,TURNING POINT BRANDS
VIACA,VIACOMCBS INC CLASS A
UUUU,ENERGY FUELS INC
ITI,ITERIS INC
CRBP,CORBUS PHARMACEUTICALS HOLDINGS IN
MNSB,MAINSTREET BANCSHARES INC
TMDX,TRANSMEDICS GROUP INC
CRMD,CORMEDIX INC
APLT,APPLIED THERAPEUTICS INC
ESQ,ESQUIRE FINANCIAL HOLDINGS INC
ADRO,ADURO BIOTECH INC
ODT,ODONATE THERAPEUTICS INC
BCEL,ATRECA INC CLASS A
HURC,HURCO COMPANIES INC
RUBY,RUBIUS THERAPEUTICS INC
RGS,REGIS CORP
ACTG,ACACIA RESEARCH CORP
BPRN,THE BANK OF PRINCETON
SLCT,SELECT BANCORP INC
CIVB,CIVISTA BANCSHARES INC
OVLY,OAK VALLEY BANCORP
USX,U S XPRESS ENTERPRISES INC CLASS A
SNCR,SYNCHRONOSS TECHNOLOGIES INC
CVLG,COVENANT LOGISTICS GROUP INC CLASS
LEVL,LEVEL ONE BANCORP INC
RES,RPC INC
ESCA,ESCALADE INC
BFST,BUSINESS FIRST BANCSHARES INC
CTO,CTO REALTY GROWTH INC
FGBI,FIRST GUARANTY BANCSHARES INC
UFI,UNIFI INC
PAYS,PAYSIGN INC
VERI,VERITONE INC
VTOL,BRISTOW GROUP INC
WTI,W AND T OFFSHORE INC
AMNB,AMERICAN NATIONAL BANKSHARES INC
FVCB,FVCBANKCORP INC
OVBC,OHIO VALLEY BANC CORP
GDP,GOODRICH PETE CORP
LQDT,LIQUIDITY SERVICES INC
ODC,OIL DRI CORPORATION OF AMERICA
RLGT,RADIANT LOGISTIC INC
PROS,PROSIGHT GLOBAL INC
MNOV,MEDICINOVA INC
NKSH,NATIONAL BANKSHARES INC
MAXN,MAXEON SOLAR TECHNOLOGIES LTD
GBL,GAMCO INVESTORS INC CLASS A
BOCH,BANK OF COMMERCE HOLDINGS
FCCY,1ST CONSTITUTION BANCORP
PIRS,PIERIS PHARMACEUTICALS INC
MPB,MID PENN BANCORP INC
NPTN,NEOPHOTONICS CORP
VRCA,VERRICA PHARMACEUTICALS INC
FNLC,FIRST BANCORP INC
TNAV,TELENAV INC
NATH,NATHANS FAMOUS INC
CNCE,CONCERT PHARMACEUTICALS INC
EVI,EVI INDUSTRIES INC
TISI,TEAM INC
PDLB,PDL COMMUNITY BANCORP
CARE,CARTER BANK AND TRUST
CLPR,CLIPPER REALTY INC
ESXB,COMMUNITY BANKERS CORP TRUST
UBFO,UNITED SECURITY BANCSHARES
NERV,MINERVA NEUROSCIENCES INC
JNCE,JOUNCE THERAPEUTICS INC
RBNC,RELIANT BANCORP INC
PRTK,PARATEK PHARMACEUTICALS INC
PEBK,PEOPLES BANCORP OF NORTH CAROLINA
ISTR,INVESTAR HOLDING CORP
MBIO,MUSTANG BIO INC
EGLE,EAGLE BULK SHIPPING INC
BREW,CRAFT BREW ALLIANCE INC
ARAY,ACCURAY INC
BFIN,BANKFINANCIAL CORP
RVSB,RIVERVIEW BANCORP INC
SGC,SUPERIOR GROUP OF COMPANIES INC
TCFC,COMMUNITY FINANCIAL
OPBK,OP BANCORP
MSON,MISONIX INC
NBN,NORTHEAST BANK
FRBA,FIRST BANK
HBCP,HOME BANCORP INC
FNKO,FUNKO INC CLASS A
HTZ,HERTZ GLOBAL HOLDINGS INC
ACRX,ACELRX PHARMACEUTICALS INC
FCBP,FIRST CHOICE BANCORP
DAKT,DAKTRONICS INC
BRG,BLUEROCK RESIDENTIAL GROWTH REIT C
STXB,SPIRIT OF TEXAS BANCSHARES INC
LTRPA,LIBERTY TRIPADVISOR HOLDINGS INC S
VRA,VERA BRADLEY INC
BCML,BAYCOM CORP
MLP,MAUI LAND AND PINEAPPLE INC
ATLO,AMES NATIONAL CORP
DSKE,DASEKE INC
EVBN,EVANS BANCORP INC
PCB,PCB BANCORP
CHS,CHICOS FAS INC
KIN,KINDRED BIOSCIENCES INC
NATR,NATURES SUNSHINE PRODUCTS INC
SIEN,SIENTRA INC
SMBK,SMARTFINANCIAL INC
PBIP,PRUDENTIAL BANCORP INC
LCI,LANNETT COMPANY INC
CEIX,CONSOL ENERGY INC
SMBC,SOUTHERN MISSOURI BANCORP INC
ADMA,ADMA BIOLOGICS INC
STRS,STRATUS PROPERTIES INC
SFST,SOUTHERN FIRST BANCSHARES INC
MNK,MALLINCKRODT PLC
ANH,ANWORTH MORTGAGE ASSET REIT CORP
TMST,TIMKENSTEEL CORP
NXTC,NEXTCURE INC
SHBI,SHORE BANCSHARES INC
GHM,GRAHAM CORP
PVAC,PENN VA CORP
PFBI,PREMIER FINANCIAL BANCORP INC
NBEV,NEWAGE INC
CNTY,CENTURY CASINOS INC
HBMD,HOWARD BANCORP INC
USLM,UNITED STATES LIME AND MINERALS IN
EXTN,EXTERRAN CORP
CHMI,CHERRY HILL MORTGAGE INVESTMENT RE
FNWB,FIRST NORTHWEST BAN
GAIA,GAIA INC CLASS A
BGSF,BG STAFFING INC
BCBP,BCB BANCORP INC
PLPC,PREFORMED LINE PRODUCTS
NR,NEWPARK RESOURCES INC
SMMF,SUMMIT FINANCIAL GROUP INC
RBB,RBB BANCORP
MGTA,MAGENTA THERAPEUTICS INC
ACNB,ACNB CORP
PKOH,PARK OHIO HOLDINGS CORP
CASA,CASA SYSTEMS INC
AMRS,AMYRIS INC
FRBK,REPUBLIC FIRST BANCORP INC
LCNB,LCNB CORP
GPOR,GULFPORT ENERGY CORP
GLYC,GLYCOMIMETICS INC
KVHI,KVH INDUSTRIES INC
VLGEA,VILLAGE SUPER MARKET INC CLASS A
WOW,WIDEOPENWEST INC
SCOR,COMSCORE INC
TREC,TRECORA RESOURCES
FPRX,FIVE PRIME THERAPEUTICS INC
PTVCB,PROTECTIVE INSURANCE CORP CLASS B
FBIZ,FIRST BUSINESS FINANCIAL SERVICES
UIHC,UNITED INSURANCE HOLDINGS CORP
CYCN,CYCLERION THERAPEUTICS INC
CVLY,CODORUS VALLEY BANCORP INC
BELFB,BEL FUSE INC CLASS B
IPI,INTREPID POTASH INC
GTYH,GTY TECHNOLOGY HOLDINGS INC
GNK,GENCO SHIPPING AND TRADING LTD
MJCO,MAJESCO
EVLO,EVELO BIOSCIENCES INC
EVC,ENTRAVISION COMMUNICATIONS CORP CL
QUAD,QUAD GRAPHICS INC CLASS A
ESSA,ESSA BANCORP INC
KZR,KEZAR LIFE SCIENCES INC
PWOD,PENNS WOODS BANCORP INC
TYME,TYME TECHNOLOGIES INC
WEYS,WEYCO GROUP INC
TALO,TALOS ENERGY INC
NC,NACCO INDUSTRIES INC CLASS A
ULH,UNIVERSAL LOGISTICS INC
SRGA,SURGALIGN HOLDINGS INC
CVCY,CENTRAL VALLEY COMMUNITY BANCORP
SFE,SAFEGUARD SCIENTIFICS INC
FLMN,FALCON MINERALS CORP CLASS A
DGICA,DONEGAL GROUP INC CLASS A
ALCO,ALICO INC
CMRX,CHIMERIX INC
PLSE,PULSE BIOSCIENCES INC
CURO,CURO GROUP HOLDINGS CORP
MPX,MARINE PRODUCTS CORP
ORRF,ORRSTOWN FINANCIAL SERVICES INC
ADES,ADVANCED EMISSIONS SOLUTIONS INC
SGA,SAGA COMMUNICATIONS INC CLASS A
AC,ASSOCIATED CAPITAL GROUP INC CLASS
CFFI,C AND F FINANCIAL CORP
GRTS,GRITSTONE ONCOLOGY INC
BH,BIGLARI HOLDINGS INCINARY CLASS B
CORR,CORENERGY INFRASTRUCTURE TRUST REI
SB,SAFE BULKERS INC
WMC,WESTERN ASSET MORTGAGE CAPITAL REI
GPX,GP STRATEGIES CORP
GENC,GENCOR INDUSTRIES INC
ZEUS,OLYMPIC STEEL INC
EEX,EMERALD HOLDING INC
DLTH,DULUTH HOLDINGS INC CLASS B
SALT,SCORPIO BULKERS INC
MRNS,MARINUS PHARMACEUTICALS INC
AGS,PLAYAGS INC
GWRS,GLOBAL WATER RESOURCES INC
CHMG,CHEMUNG FINANCIAL CORP
BXG,BLUEGREEN CORP
IIN,INTRICON CORP
WLFC,WILLIS LEASE FINANCE CORP
BWFG,BANKWELL FINANCIAL GROUP INC
FNHC,FEDNAT HOLDING COMPANY
ENZ,ENZO BIOCHEM INC
CASI,CASI PHARMACEUTICALS INC
NDLS,NOODLES CLASS A
LQDA,LIQUIDIA TECHNOLOGIES INC
INBK,FIRST INTERNET BANCORP
LJPC,LA JOLLA PHARMACEUTICAL
REV,REVLON INC CLASS A
SAMG,SILVERCREST ASSET MANAGEMENT GROUP
LCUT,LIFETIME BRANDS INC
OSG,OVERSEAS SHIPHOLDING GROUP INC CLA
LIVX,LIVEXLIVE MEDIA INC
ASUR,ASURE SOFTWARE INC
NGVC,NATURAL GROCERS BY VITAMIN COTTAGE
TELL,TELLURIAN INC
EXPR,EXPRESS INC
UBX,UNITY BIOTECHNOLOGY INC
WHG,WESTWOOD HOLDINGS GROUP INC
OPTN,OPTINOSE INC
SCWX,SECUREWORKS CLASS A CORP
PVBC,PROVIDENT BANCORP INC
MESA,MESA AIR GROUP INC
TCS,CONTAINER STORE GROUP INC
GCBC,GREENE COUNTY BANCORP INC
ESTE,EARTHSTONE ENERGY INC CLASS A
DZSI,DZS INC
MRKR,MARKER THERAPEUTICS INC
SBT,STERLING BANCORP INC
ELOX,ELOXX PHARMACEUTICALS INC
RMTI,ROCKWELL MEDICAL INC
III,INFORMATION SERVICES GROUP INC
LILAR,LIBERTY LATIN AMERICA SUBSCRIPTION
RYI,RYERSON HOLDING CORP
LXRX,LEXICON PHARMACEUTICALS INC
MG,MISTRAS GROUP INC
MRLN,MARLIN BUSINESS SERVICES CORP
ARA,AMERICAN RENAL ASSOCIATES HOLDINGS
PZN,PZENA INVESTMENT MANAGEMENT INC CL
CLXT,CALYXT INC
AI,ARLINGTON ASSET INVESTMENT CLASS A
ABEO,ABEONA THERAPEUTICS INC
FLNT,FLUENT INC
SPKE,SPARK ENERGY INC CLASS A
TH,TARGET HOSPITALITY CORP
MR,MONTAGE RESOURCES CORP
GRIF,GRIFFIN INDUSTRIAL REALTY INC
FARM,FARMER BROTHERS
EPM,EVOLUTION PETROLEUM CORP
EOLS,EVOLUS INC
SVRA,SAVARA INC
SLDB,SOLID BIOSCIENCES INC
SIEB,SIEBERT FINANCIAL CORP
VALU,VALUE LINE INC
REPH,RECRO PHARMA INC
EVFM,EVOFEM BIOSCIENCES INC
NL,NL INDUSTRIES INC
SEAC,SEACHANGE INTERNATIONAL INC
XFOR,X4 PHARMACEUTICALS INC
CIX,COMPX INTERNATIONAL INC
GFN,GENERAL FINANCE CORP
VYNE,VYNE THERAPEUTICS INC
WLL,WHITING PETROLEUM CORP
WLLAW,WHITING PETROLEUM EQUITY WARRANTS
DNB,Dun & Bradstreet Holdings
NXPI,NXP Semiconductors
